year,ordered_country,sales,total_discount,actual_sales,Normal distribution,standard deviation
2016,France,168,0,168,-0.444419323,1036.226472
2016,France,98,0,98,-0.512178446,
2016,France,174,0,174,-0.439073296,
2016,Germany,167.4,0,167.4,-0.445646591,
2016,Germany,1696,0,1696,1.02930638,
2016,Brazil,77,0,77,-0.532614641,
2016,Brazil,1484,222.6,1261.4,0.824948803,
2016,Brazil,252,37.8,214.2,-0.363596429,
2016,France,100.8,5.04,95.76,-0.509679829,
2016,France,234,11.7,222.3,-0.381374002,
2016,France,336,0,336,-0.283117718,
2016,Belgium,2592,129.6,2462.4,1.893880482,
2016,Belgium,50,2.5,47.5,-0.558367459,
2016,Belgium,1088,0,1088,0.44308339,
2016,Brazil,200,0,200,-0.413665182,
2016,Brazil,604.8,0,604.8,-0.02321029,
2016,Brazil,640,0,640,0.010748267,
2016,Switzerland,54,8.1,45.9,-0.554760148,
2016,Switzerland,403.2,60.48,342.72,-0.218027776,
2016,Switzerland,168,0,168,-0.445107258,
2016,Switzerland,304,0,304,-0.314070299,
2016,Switzerland,486.5,0,486.5,-0.138097672,
2016,Switzerland,380,0,380,-0.240939176,
2016,Switzerland,1320,0,1320,0.666085417,
2016,Brazil,393,0,393,-0.228194098,
2016,Brazil,124.8,0,124.8,-0.48712496,
2016,Venezuela,877.5,0,877.5,0.239031847,
2016,Venezuela,86.4,0,86.4,-0.524298974,
2016,Venezuela,156,0,156,-0.457378687,
2016,Austria,760,152,608,0.12529034,
2016,Austria,1105,221,884,0.458288102,
2016,Austria,153.6,30.72,122.88,-0.459635192,
2016,Mexico,80,0,80,-0.530878639,
2016,Mexico,20.8,0,20.8,-0.588259186,
2016,Germany,123.2,30.8,92.4,-0.489716439,
2016,Germany,780,0,780,0.143890838,
2016,Germany,591,147.75,443.25,-0.038433818,
2016,Germany,252,63,189,-0.365600526,
2016,Brazil,160,0,160,-0.454556904,
2016,Brazil,288,0,288,-0.331246602,
2016,USA,204,40.8,163.2,-0.41246658,
2016,USA,360,0,360,-0.262115452,
2016,USA,60.8,0,60.8,-0.55097947,
2016,Austria,834,208.5,625.5,0.194928581,
2016,Austria,100.8,0,100.8,-0.512546411,
2016,Austria,1242,310.5,931.5,0.58851433,
2016,Austria,288,72,216,-0.331854786,
2016,Sweden,532,0,532,-0.096542451,
2016,Sweden,192.5,28.875,163.625,-0.424219353,
2016,France,936,0,936,0.293086457,
2016,France,240,0,240,-0.378442153,
2016,Finland,364.8,18.24,346.56,-0.258185028,
2016,Germany,735,0,735,0.098950012,
2016,Germany,3080,462,2618,2.362015898,
2016,Germany,216,32.4,183.6,-0.400734442,
2016,Venezuela,990,0,990,0.346015696,
2016,Venezuela,111.2,0,111.2,-0.501896613,
2016,USA,120,6,114,-0.493643487,
2016,USA,556,27.8,528.2,-0.073121449,
2016,Finland,456,0,456,-0.169660336,
2016,Finland,920,0,920,0.278037243,
2016,USA,48,0,48,-0.563344863,
2016,USA,388.8,0,388.8,-0.234728386,
2016,USA,400,0,400,-0.224032141,
2016,USA,667.2,0,667.2,0.033719407,
2016,Germany,595.2,29.76,565.44,-0.03574734,
2016,Germany,150,7.5,142.5,-0.465400262,
2016,Germany,40,0,40,-0.571777556,
2016,Germany,882,44.1,837.9,0.240512158,
2016,Germany,475.2,23.76,451.44,-0.151950818,
2016,France,344,0,344,-0.278636945,
2016,France,194.6,0,194.6,-0.422947625,
2016,Italy,43.2,2.16,41.04,-0.569257729,
2016,Italy,264,13.2,250.8,-0.356450314,
2016,Mexico,372,0,372,-0.252397282,
2016,Mexico,48,0,48,-0.565191588,
2016,Germany,728,0,728,0.090763758,
2016,Germany,472.8,0,472.8,-0.155470773,
2016,Sweden,248,0,248,-0.37248662,
2016,Sweden,660,0,660,0.024930437,
2016,Sweden,280.8,0,280.8,-0.341000718,
2016,Sweden,300,0,300,-0.322636367,
2016,Germany,468,117,351,-0.160665283,
2016,Sweden,43.2,0,43.2,-0.570691819,
2016,Sweden,384,0,384,-0.242081748,
2016,Sweden,186,0,186,-0.433276617,
2016,Spain,7.3,0,7.3,-0.60593868,
2016,Spain,21.6,0,21.6,-0.592431615,
2016,Spain,57.6,0,57.6,-0.557976789,
2016,Spain,124.2,0,124.2,-0.4939752,
2016,Spain,31.2,0,31.2,-0.583963134,
2016,Venezuela,248,0,248,-0.375025389,
2016,Venezuela,131.4,0,131.4,-0.48773084,
2016,Venezuela,952,0,952,0.303944456,
2016,Venezuela,83.4,0,83.4,-0.534141819,
2016,Germany,526.5,131.625,394.875,-0.106791884,
2016,Germany,325.5,0,325.5,-0.300816791,
2016,Germany,544,136,408,-0.09010172,
2016,Germany,56,14,42,-0.561085045,
2016,Germany,648,129.6,518.4,0.009945737,
2016,Germany,588,117.6,470.4,-0.047951824,
2016,Germany,943.2,188.64,754.56,0.294807041,
2016,Germany,1440,0,1440,0.774382513,
2016,Germany,1576,0,1576,0.906005333,
2016,Brazil,556,83.4,472.6,-0.077893733,
2016,Brazil,224,0,224,-0.398325012,
2016,Brazil,144,21.6,122.4,-0.475722612,
2016,Italy,59,5.9,53.1,-0.557983299,
2016,Italy,30,3,27,-0.586242045,
2016,UK,240,0,240,-0.383870175,
2016,UK,239.4,0,239.4,-0.38463691,
2016,Brazil,340,0,340,-0.287742064,
2016,Brazil,1485,0,1485,0.817087899,
2016,Brazil,240,0,240,-0.383986767,
2016,Brazil,104,0,104,-0.515420344,
2016,Brazil,96,9.6,86.4,-0.523393321,
2016,Brazil,372,37.2,334.8,-0.257298971,
2016,Brazil,84.8,8.48,76.32,-0.534584711,
2016,Brazil,1296,0,1296,0.634009306,
2016,Mexico,600,0,600,-0.037347138,
2016,Mexico,36,0,36,-0.581648053,
2016,Mexico,175.5,0,175.5,-0.447310935,
2016,Mexico,37.2,0,37.2,-0.580995993,
2016,USA,259.2,0,259.2,-0.367043035,
2016,USA,468,0,468,-0.165723403,
2016,USA,552,0,552,-0.084741679,
2016,USA,571.2,0,571.2,-0.066254676,
2016,USA,37.2,0,37.2,-0.581618709,
2016,France,121.6,0,121.6,-0.500456268,
2016,Venezuela,201.6,0,201.6,-0.423500085,
2016,Venezuela,417,0,417,-0.215839604,
2016,Venezuela,432,0,432,-0.201470644,
2016,France,864,0,864,0.215327048,
2016,France,556,0,556,-0.081798781,
2016,Ireland,608,0,608,-0.031657175,
2016,Ireland,608,152,456,-0.031672847,
2016,Ireland,1320,330,990,0.655419949,
2016,Ireland,591,0,591,-0.047769428,
2016,Brazil,109.5,0,109.5,-0.512459873,
2016,Brazil,240,0,240,-0.386776349,
2016,Italy,408,0,408,-0.224841577,
2016,Italy,200,0,200,-0.425681537,
2016,Germany,147,0,147,-0.477040124,
2016,Germany,608,0,608,-0.032393779,
2016,Belgium,1248,0,1248,0.585215716,
2016,Belgium,1019.2,0,1019.2,0.364705715,
2016,Belgium,441.6,0,441.6,-0.192519856,
2016,Spain,588,58.8,529.2,-0.051333876,
2016,Spain,504,50.4,453.6,-0.132422814,
2016,Spain,150,15,135,-0.474112989,
2016,Mexico,480,0,480,-0.155886252,
2016,Mexico,440,0,440,-0.19456564,
2016,Mexico,34.4,0,34.4,-0.586083003,
2016,USA,1250,125,1125,0.586726878,
2016,USA,2475,247.5,2227.5,1.769194101,
2016,USA,432,43.2,388.8,-0.201498032,
2016,Spain,207,0,207,-0.418732833,
2016,Spain,262,0,262,-0.365865208,
2016,Spain,29.5,0,29.5,-0.590420217,
2016,USA,394,0,394,-0.238958937,
2016,USA,30,0,30,-0.590353278,
2016,Mexico,28.8,0,28.8,-0.59180739,
2016,Mexico,60,0,60,-0.561995085,
2016,Ireland,352,0,352,-0.28048553,
2016,Ireland,600,0,600,-0.041296485,
2016,Ireland,22.4,0,22.4,-0.598724344,
2016,Ireland,736,0,736,0.089627186,
2016,Ireland,51.6,0,51.6,-0.57080111,
2016,USA,139,0,139,-0.486743881,
2016,USA,197,0,197,-0.431016648,
2016,France,67.2,0,67.2,-0.556495978,
2016,France,201.6,0,201.6,-0.427075093,
2016,Germany,145.6,0,145.6,-0.481332702,
2016,Germany,883.2,0,883.2,0.230237954,
2016,Germany,524,0,524,-0.116288193,
2016,Germany,62,0,62,-0.562195406,
2016,Germany,182.4,0,182.4,-0.44628867,
2016,USA,1024,102.4,921.6,0.365663372,
2016,USA,318,31.8,286.2,-0.315469913,
2016,USA,985,98.5,886.5,0.328052119,
2016,UK,156.8,0,156.8,-0.47102791,
2016,UK,360,0,360,-0.275170397,
2016,USA,77,0,77,-0.548416187,
2016,USA,2758,0,2758,2.038577965,
2016,USA,288,0,288,-0.344036561,
2016,UK,154,0,154,-0.47352656,
2016,UK,86.4,0,86.4,-0.539003755,
2016,Mexico,249.6,0,249.6,-0.38178311,
2016,Mexico,509.6,0,509.6,-0.131066803,
2016,Mexico,432,0,432,-0.206020574,
2016,Finland,516,0,516,-0.125062059,
2016,UK,144,0,144,-0.484120618,
2016,Mexico,112,0,112,-0.515248521,
2016,Germany,62,0,62,-0.563763135,
2016,Germany,44.8,0,44.8,-0.58064931,
2016,Germany,57.6,0,57.6,-0.568593048,
2016,USA,291.9,43.785,248.115,-0.342774421,
2016,USA,1008,151.2,856.8,0.348115663,
2016,USA,288,0,288,-0.346535259,
2016,USA,1760,264,1496,1.073826463,
2016,USA,2808,421.2,2386.8,2.08573766,
2016,Germany,120,0,120,-0.507222454,
2016,Germany,57.6,0,57.6,-0.567700664,
2016,Germany,167.4,0,167.4,-0.462030102,
2016,Germany,40,0,40,-0.585213016,
2016,Germany,1112,0,1112,0.44900976,
2016,Spain,422.4,0,422.4,-0.216251448,
2016,Spain,249.6,0,249.6,-0.383121372,
2016,Spain,310,0,310,-0.325029731,
2016,Sweden,380,76,304,-0.257643956,
2016,Sweden,840,168,672,0.186141982,
2016,Sweden,724.5,144.9,579.6,0.074775613,
2016,Sweden,318,63.6,254.4,-0.317474664,
2016,Portugal,396,0,396,-0.242365022,
2016,Portugal,672,0,672,0.023861154,
2016,Portugal,100,0,100,-0.52812943,
2016,USA,73,3.65,69.35,-0.554457882,
2016,USA,165.6,8.28,157.32,-0.465381275,
2016,USA,4216,210.8,4005.2,3.443176502,
2016,USA,364.8,18.24,346.56,-0.271607065,
2016,Venezuela,1245,186.75,1058.25,0.577680782,
2016,Venezuela,695,104.25,590.75,0.047207477,
2016,France,88.5,0,88.5,-0.538064864,
2016,Canada,2000,400,1600,1.306330604,
2016,Canada,112,22.4,89.6,-0.514988421,
2016,Canada,121.6,24.32,97.28,-0.50599087,
2016,Finland,186,0,186,-0.444104602,
2016,Finland,80,8,72,-0.546629187,
2016,Finland,688,68.8,619.2,0.039831468,
2016,France,44.8,0,44.8,-0.580861582,
2016,France,100,0,100,-0.52789312,
2016,Ireland,106.4,21.28,85.12,-0.521991237,
2016,Ireland,250,50,200,-0.383682939,
2016,Ireland,153.6,30.72,122.88,-0.476912422,
2016,Ireland,2035.2,407.04,1628.16,1.338658589,
2016,Portugal,316.8,31.68,285.12,-0.318968938,
2016,Germany,288,0,288,-0.346928306,
2016,Germany,597.6,0,597.6,-0.048332801,
2016,Germany,304,0,304,-0.331693759,
2016,Germany,582.4,0,582.4,-0.06319974,
2016,Germany,695,0,695,0.045430762,
2016,USA,624,0,624,-0.023063342,
2016,USA,310.5,0,310.5,-0.32561544,
2016,Canada,176,0,176,-0.455583621,
2016,Canada,2184,109.2,2074.8,1.481978308,
2016,Canada,1103.2,0,1103.2,0.439738976,
2016,France,1000,50,950,0.340377198,
2016,France,92.4,4.62,87.78,-0.535314716,
2016,France,1472,73.6,1398.4,0.795773764,
2016,Denmark,16,0,16,-0.608906973,
2016,Denmark,396,59.4,336.6,-0.242511407,
2016,Germany,364.8,72.96,291.84,-0.272748025,
2016,Germany,560,112,448,-0.084515541,
2016,Germany,608,121.6,486.4,-0.038238056,
2016,Germany,768,153.6,614.4,0.11614823,
2016,Germany,1330,0,1330,0.658561843,
2016,Germany,40,2,38,-0.585992969,
2016,Germany,216,0,216,-0.41645467,
2016,USA,616,0,616,-0.030658202,
2016,USA,2240,560,1680,1.536550596,
2016,Germany,2240,0,2240,1.537361441,
2016,Germany,584,0,584,-0.059933106,
2016,Germany,100.8,0,100.8,-0.526272097,
2016,USA,1123.2,112.32,1010.88,0.460106647,
2016,USA,608,0,608,-0.036838649,
2016,Brazil,112,0,112,-0.515517983,
2016,Brazil,720,108,612,0.070953435,
2016,Brazil,58.8,0,58.8,-0.567093435,
2016,Brazil,37.2,5.58,31.62,-0.588238826,
2016,Germany,216,32.4,183.6,-0.416001571,
2016,Germany,180,0,180,-0.450963701,
2016,USA,141.6,0,141.6,-0.488260602,
2016,France,195,19.5,175.5,-0.436986765,
2016,France,518.4,51.84,466.56,-0.125125021,
2016,Austria,4216,210.8,4005.2,3.443140382,
2016,Austria,100.1,0,100.1,-0.527036318,
2016,Austria,1193.5,59.675,1133.825,0.527857936,
2016,Austria,168,8.4,159.6,-0.461509514,
2016,Portugal,36,0,36,-0.589140671,
2016,Portugal,118,17.7,100.3,-0.510321432,
2016,Austria,201.6,40.32,161.28,-0.429916259,
2016,Austria,10540,2108,8432,9.546823918,
2016,Mexico,172.8,0,172.8,-0.452841745,
2016,Mexico,396,0,396,-0.237686719,
2016,UK,90,0,90,-0.533115998,
2016,UK,390,0,390,-0.243889085,
2016,Germany,300,0,300,-0.330873177,
2016,Germany,230.4,0,230.4,-0.398217089,
2016,Germany,576,0,576,-0.064912555,
2016,Venezuela,744,148.8,595.2,0.097179379,
2016,Venezuela,398.4,0,398.4,-0.23628634,
2016,Venezuela,217.6,43.52,174.08,-0.410892336,
2016,France,36,1.8,34.2,-0.586364155,
2016,France,112,5.6,106.4,-0.513336026,
2016,France,304,15.2,288.8,-0.328324184,
2016,UK,778.4,38.92,739.48,0.129314276,
2016,UK,700,35,665,0.053724701,
2016,UK,2176,108.8,2067.2,1.478152664,
2016,France,1092,0,1092,0.432845288,
2016,France,3465,0,3465,2.723118434,
2016,France,2108,0,2108,1.415027136,
2016,France,560,0,560,-0.078091563,
2016,France,165.2,0,165.2,-0.4591315,
2016,Germany,777.6,77.76,699.84,0.131611088,
2016,Germany,1496,149.6,1346.4,0.82496693,
2016,France,560,0,560,-0.077864587,
2016,France,848,0,848,0.200024823,
2016,France,141.6,0,141.6,-0.481571198,
2016,Germany,200,0,200,-0.425473593,
2016,Germany,74.4,0,74.4,-0.546913102,
2016,Germany,172.8,0,172.8,-0.452249595,
2016,UK,864,0,864,0.214540802,
2016,UK,86,0,86,-0.536143914,
2016,Mexico,403.2,0,403.2,-0.230324291,
2016,Spain,84,0,84,-0.538490168,
2016,Spain,52,0,52,-0.569664106,
2016,Denmark,403.2,0,403.2,-0.231051825,
2016,Denmark,106.2,0,106.2,-0.517794415,
2016,Denmark,252,0,252,-0.377373451,
2016,Denmark,72.8,0,72.8,-0.550514161,
2016,Austria,40,4,36,-0.582467481,
2016,Austria,473.2,47.32,425.88,-0.164729745,
2016,Austria,390,0,390,-0.245110943,
2016,Austria,931,93.1,837.9,0.276841906,
2016,USA,1980,0,1980,1.289320068,
2016,USA,547.2,136.8,410.4,-0.092684704,
2016,Switzerland,216,32.4,183.6,-0.412356629,
2016,Switzerland,798,0,798,0.149071076,
2016,Switzerland,160,24,136,-0.466542854,
2016,France,91.2,18.24,72.96,-0.533193106,
2016,Brazil,777.6,194.4,583.2,0.128918193,
2016,Brazil,8432,2108,6324,7.515791086,
2016,Brazil,1904,476,1428,1.220132693,
2016,Brazil,1167.6,291.9,875.7,0.5101469,
2016,Ireland,848,169.6,678.4,0.202000261,
2016,Ireland,860,172,688,0.21369173,
2016,Poland,300,0,300,-0.326613195,
2016,Poland,159,0,159,-0.462863491,
2016,USA,279,0,279,-0.347313431,
2016,USA,59,0,59,-0.559813484,
2016,Canada,420,21,399,-0.211742479,
2016,UK,728,109.2,618.8,0.085373115,
2016,UK,288,43.2,244.8,-0.339197398,
2016,Sweden,103.2,0,103.2,-0.517723986,
2016,Brazil,61.6,6.16,55.44,-0.558155527,
2016,Brazil,561.6,56.16,505.44,-0.075943898,
2016,Brazil,336,33.6,302.4,-0.293698904,
2016,Ireland,372.6,37.26,335.34,-0.258540884,
2016,Ireland,524,52.4,471.6,-0.112576905,
2016,Ireland,163.2,16.32,146.88,-0.460825673,
2016,Ireland,360,0,360,-0.271161106,
2016,Venezuela,112,0,112,-0.510641338,
2016,Austria,544,0,544,-0.094027273,
2016,Austria,450,0,450,-0.184793213,
2016,Austria,1386,0,1386,0.718381626,
2016,Austria,120,0,120,-0.50295992,
2016,Austria,400,0,400,-0.233028296,
2016,UK,96,0,96,-0.526530062,
2016,UK,195,0,195,-0.431284106,
2016,UK,608,0,608,-0.03296272,
2016,Sweden,1814.4,0,1814.4,1.131243179,
2016,Sweden,408,0,408,-0.225358514,
2016,USA,240,48,192,-0.387610923,
2016,USA,544,108.8,435.2,-0.094455062,
2016,USA,80,16,64,-0.542286363,
2016,Brazil,54,0,54,-0.567680357,
2016,Brazil,112,0,112,-0.512025354,
2016,Norway,54,0,54,-0.568284041,
2016,Norway,218.4,0,218.4,-0.409949475,
2016,Norway,528,0,528,-0.111402624,
2016,Norway,258,0,258,-0.372025836,
2016,UK,114,22.8,91.2,-0.511200131,
2016,UK,112,22.4,89.6,-0.513416919,
2016,UK,1048,0,1048,0.389572413,
2016,Canada,396.8,0,396.8,-0.238642901,
2016,Canada,288,0,288,-0.343773322,
2016,Canada,788,0,788,0.138553441,
2016,Canada,360,0,360,-0.274405755,
2016,Austria,600,60,540,-0.042950574,
2016,Austria,576,57.6,518.4,-0.066135718,
2016,Austria,432,0,432,-0.205138739,
2016,Austria,667.2,66.72,600.48,0.021723034,
2016,Germany,86.4,0,86.4,-0.538759949,
2016,Austria,1440,0,1440,0.767214162,
2016,USA,380,95,285,-0.255295034,
2016,USA,781.2,195.3,585.9,0.131734781,
2016,USA,78.4,19.6,58.8,-0.546420866,
2016,USA,1743,435.75,1307.25,1.059675665,
2016,USA,320,0,320,-0.312976559,
2016,USA,48,0,48,-0.575644664,
2016,USA,394,0,394,-0.242066966,
2016,Venezuela,268.8,26.88,241.92,-0.363027201,
2016,Venezuela,1834,183.4,1650.6,1.147247501,
2016,Venezuela,230.4,0,230.4,-0.399639546,
2016,Germany,288,0,288,-0.344280181,
2016,Germany,1032,0,1032,0.373513969,
2016,Germany,583.8,0,583.8,-0.058804617,
2016,Portugal,80,12,68,-0.545025221,
2016,Portugal,763.2,114.48,648.72,0.113979908,
2016,USA,432,0,432,-0.205576433,
2016,USA,2304,230.4,2073.6,1.600861319,
2016,Denmark,600,0,600,-0.042654158,
2016,Denmark,516,0,516,-0.12374185,
2016,Denmark,504,0,504,-0.135392959,
2016,Denmark,145.6,0,145.6,-0.48134062,
2017,UK,2079,0,2079,1.384192674,
2017,UK,504,0,504,-0.134953915,
2017,UK,480,0,480,-0.158192079,
2017,USA,372.6,0,372.6,-0.261927927,
2017,USA,2128,0,2128,1.431953282,
2017,USA,336,0,336,-0.296577803,
2017,USA,1032,0,1032,0.374919984,
2017,Austria,432,0,432,-0.203888918,
2017,Austria,2281.5,0,2281.5,1.580835528,
2017,Austria,291.9,43.785,248.115,-0.338300062,
2017,Austria,714,107.1,606.9,0.068848899,
2017,Italy,747,37.35,709.65,0.10073481,
2017,Italy,448,22.4,425.6,-0.187754191,
2017,Italy,480,24,456,-0.156981002,
2017,Venezuela,400,0,400,-0.234274629,
2017,Brazil,144,0,144,-0.481459899,
2017,Brazil,240,24,216,-0.389093717,
2017,Brazil,1528.8,152.88,1375.92,0.854425321,
2017,Brazil,76,7.6,68.4,-0.547091481,
2017,Brazil,29.4,2.94,26.46,-0.592378401,
2017,Germany,504,0,504,-0.134712829,
2017,Germany,432,0,432,-0.204273624,
2017,Germany,258,0,258,-0.372308798,
2017,France,208,0,208,-0.42077638,
2017,France,35.4,0,35.4,-0.587586072,
2017,France,1379,0,1379,0.708701049,
2017,Argentina,223.2,0,223.2,-0.406281109,
2017,Argentina,96,0,96,-0.529269996,
2017,Canada,98,0,98,-0.527647274,
2017,Canada,704,0,704,0.056860376,
2017,Canada,192.5,38.5,154,-0.436724528,
2017,Canada,620,124,496,-0.024423984,
2017,Canada,396,79.2,316.8,-0.240607161,
2017,Finland,372,37.2,334.8,-0.263908254,
2017,France,345.6,0,345.6,-0.289539102,
2017,France,1576,0,1576,0.897677292,
2017,France,201.6,0,201.6,-0.428149958,
2017,Brazil,131.4,6.57,124.83,-0.496145708,
2017,Brazil,100,0,100,-0.526737769,
2017,USA,62.4,0,62.4,-0.563331127,
2017,USA,40,0,40,-0.585277457,
2017,Finland,146,0,146,-0.483325684,
2017,Finland,262,0,262,-0.371664021,
2017,Finland,312,0,312,-0.32362975,
2017,Denmark,10540,0,10540,9.546609721,
2017,Denmark,19.2,4.8,14.4,-0.60078398,
2017,Denmark,360,90,270,-0.272250919,
2017,Denmark,364,0,364,-0.268550624,
2017,Germany,912,0,912,0.260133513,
2017,Germany,418,0,418,-0.21644332,
2017,Germany,364.8,0,364.8,-0.267910767,
2017,Germany,120,0,120,-0.504310248,
2017,Switzerland,1632,81.6,1550.4,0.954533237,
2017,Switzerland,576,28.8,547.2,-0.063986525,
2017,Brazil,1552,155.2,1396.8,0.877854792,
2017,Brazil,9.6,0.96,8.64,-0.610105004,
2017,Brazil,96,9.6,86.4,-0.527085704,
2017,Brazil,240,24,216,-0.388431275,
2017,Brazil,29.2,4.38,24.82,-0.592091278,
2017,Brazil,747,0,747,0.100264295,
2017,Brazil,393,58.95,334.05,-0.241300539,
2017,Brazil,104,15.6,88.4,-0.520339966,
2017,Italy,49.8,0,49.8,-0.572953393,
2017,Brazil,140,0,140,-0.486246413,
2017,Brazil,880,0,880,0.227594789,
2017,Canada,864,172.8,691.2,0.21228922,
2017,Canada,10329.2,2065.84,8263.36,9.346711938,
2017,Canada,300,60,240,-0.326313679,
2017,France,192,48,144,-0.430732003,
2017,France,288,72,216,-0.338344398,
2017,Spain,152,0,152,-0.469791234,
2017,Spain,186.2,0,186.2,-0.43706667,
2017,Austria,651,0,651,0.011223456,
2017,Italy,192,0,192,-0.431723214,
2017,Ireland,520,0,520,-0.115447684,
2017,Ireland,1228.5,307.125,921.375,0.568214236,
2017,Austria,1404,280.8,1123.2,0.737918191,
2017,Austria,400,0,400,-0.230540899,
2017,Austria,912,0,912,0.263421701,
2017,Austria,3080,616,2464,2.355786075,
2017,Canada,1560,390,1170,0.890335917,
2017,Canada,735,183.75,551.25,0.094711368,
2017,Canada,228,57,171,-0.394507133,
2017,USA,249,0,249,-0.37447795,
2017,USA,236,0,236,-0.387248247,
2017,Portugal,851.2,0,851.2,0.206211783,
2017,Sweden,100.8,0,100.8,-0.517830312,
2017,Sweden,259.2,38.88,220.32,-0.365279358,
2017,UK,152,0,152,-0.46895143,
2017,UK,201.6,0,201.6,-0.421367776,
2017,UK,278,0,278,-0.347892556,
2017,France,48,0,48,-0.570061457,
2017,France,1216,121.6,1094.4,0.556761444,
2017,France,798,79.8,718.2,0.153710728,
2017,France,148.8,14.88,133.92,-0.472700423,
2017,Finland,393,0,393,-0.237323274,
2017,Germany,109.5,21.9,87.6,-0.511055599,
2017,Germany,224,44.8,179.2,-0.400867687,
2017,Germany,234,46.8,187.2,-0.391459943,
2017,Canada,456,0,456,-0.177458167,
2017,Canada,222.4,0,222.4,-0.402999063,
2017,Canada,159.6,0,159.6,-0.463847965,
2017,Canada,240,0,240,-0.38654021,
2017,USA,684,102.6,581.4,0.041702859,
2017,USA,681.1,102.165,578.935,0.038929579,
2017,USA,2376,356.4,2019.6,1.674599549,
2017,USA,2052,307.8,1744.2,1.3629452,
2017,USA,1755,0,1755,1.077157865,
2017,Austria,504,0,504,-0.129451177,
2017,Austria,472,0,472,-0.160411343,
2017,Austria,816,0,816,0.171464607,
2017,Italy,100.8,20.16,80.64,-0.518627389,
2017,Italy,436.8,0,436.8,-0.19469057,
2017,Sweden,312,0,312,-0.315246494,
2017,Sweden,373.5,0,373.5,-0.256089227,
2017,Sweden,115.2,0,115.2,-0.50551569,
2017,Sweden,231,0,231,-0.39407343,
2017,Sweden,86.4,0,86.4,-0.533859534,
2017,Sweden,88.5,0,88.5,-0.53216007,
2017,Germany,87.6,8.76,78.84,-0.533354884,
2017,Germany,72,7.2,64.8,-0.54873672,
2017,Germany,30,3,27,-0.589605255,
2017,Germany,84,8.4,75.6,-0.53785526,
2017,Brazil,292,0,292,-0.33745752,
2017,Brazil,588,0,588,-0.052013217,
2017,Brazil,34.4,0,34.4,-0.586291372,
2017,Argentina,149.4,0,149.4,-0.475672788,
2017,Argentina,294,0,294,-0.336421086,
2017,France,347.2,0,347.2,-0.285288369,
2017,France,112,0,112,-0.512441773,
2017,France,1379,0,1379,0.709947591,
2017,France,496,99.2,396.8,-0.141744224,
2017,France,35.4,7.08,28.32,-0.586329254,
2017,Germany,2304,230.4,2073.6,1.602597898,
2017,Germany,931,93.1,837.9,0.278589678,
2017,Germany,470.4,47.04,423.36,-0.165735247,
2017,Germany,572,57.2,514.8,-0.067789869,
2017,USA,546,0,546,-0.092922936,
2017,USA,1550,77.5,1472.5,0.875919584,
2017,UK,153,15.3,137.7,-0.471697591,
2017,UK,300,30,270,-0.33012969,
2017,France,278,55.6,222.4,-0.351565747,
2017,France,40,8,32,-0.581463904,
2017,France,96,19.2,76.8,-0.527783495,
2017,Finland,288,0,288,-0.342824447,
2017,Finland,1310,0,1310,0.643232841,
2017,Finland,570,0,570,-0.070495745,
2017,Finland,516,0,516,-0.122651883,
2017,Germany,320,48,272,-0.311876286,
2017,Germany,336,50.4,285.6,-0.296630446,
2017,Germany,1584,0,1584,0.907554086,
2017,Belgium,747,0,747,0.100383178,
2017,Belgium,1092,0,1092,0.433384797,
2017,Belgium,736,0,736,0.09010193,
2017,Belgium,456,0,456,-0.180052817,
2017,Belgium,860,0,860,0.20971046,
2017,France,384,19.2,364.8,-0.24951702,
2017,France,192,9.6,182.4,-0.434961335,
2017,France,1112,0,1112,0.452602253,
2017,Sweden,210,52.5,157.5,-0.417579355,
2017,Sweden,24.8,6.2,18.6,-0.596567392,
2017,Venezuela,320,80,240,-0.312063019,
2017,Venezuela,579.6,144.9,434.7,-0.061735147,
2017,Venezuela,1152,288,864,0.490614852,
2017,UK,4.8,0,4.8,-0.616169701,
2017,UK,151.2,0,151.2,-0.475276595,
2017,Belgium,153.3,0,153.3,-0.473550059,
2017,Belgium,560,0,560,-0.081367436,
2017,Portugal,281.6,56.32,225.28,-0.350086007,
2017,Portugal,110.4,0,110.4,-0.515522289,
2017,Portugal,912,182.4,729.6,0.257727499,
2017,Portugal,544,0,544,-0.097244001,
2017,Denmark,90,0,90,-0.535433788,
2017,Denmark,1782,178.2,1603.8,1.097074374,
2017,Denmark,294,0,294,-0.338209041,
2017,Denmark,228,22.8,205.2,-0.402116417,
2017,Denmark,325,0,325,-0.308763011,
2017,Brazil,168,0,168,-0.460470581,
2017,Brazil,48,0,48,-0.576568302,
2017,Italy,100.8,0,100.8,-0.525981196,
2017,Italy,134.4,0,134.4,-0.493890872,
2017,Germany,165.6,0,165.6,-0.464096405,
2017,Germany,552,0,552,-0.091500927,
2017,USA,608,91.2,516.8,-0.037517079,
2017,USA,486.5,72.975,413.525,-0.154793397,
2017,USA,31,4.65,26.35,-0.594468028,
2017,France,1500,0,1500,0.822795644,
2017,France,108,0,108,-0.520013622,
2017,France,212.8,0,212.8,-0.419210345,
2017,UK,720,0,720,0.069989393,
2017,UK,608,0,608,-0.038050222,
2017,UK,288,14.4,273.6,-0.346887431,
2017,UK,763.2,0,763.2,0.111476931,
2017,UK,24,0,24,-0.601809044,
2017,UK,206.4,0,206.4,-0.426172514,
2017,Mexico,223.2,0,223.2,-0.410233907,
2017,Mexico,655.2,0,655.2,0.006399389,
2017,Mexico,308.7,0,308.7,-0.327982852,
2017,Mexico,62,0,62,-0.566269551,
2017,Belgium,350,52.5,297.5,-0.288703129,
2017,Belgium,816,122.4,693.6,0.160819254,
2017,Belgium,604.8,90.72,514.08,-0.042893374,
2017,Venezuela,38.4,1.92,36.48,-0.589519742,
2017,Venezuela,144,0,144,-0.48799259,
2017,Portugal,216,0,216,-0.418825358,
2017,Portugal,168,42,126,-0.465418363,
2017,Portugal,288,72,216,-0.349914999,
2017,France,496,24.8,471.2,-0.149413454,
2017,USA,6324,0,6324,5.474742799,
2017,USA,733.6,0,733.6,0.083335876,
2017,USA,2640,0,2640,1.923142256,
2017,USA,798,0,798,0.146788172,
2017,France,228,0,228,-0.40318919,
2017,France,528,0,528,-0.113939511,
2017,Brazil,384,0,384,-0.252979451,
2017,Brazil,1088,0,1088,0.426243905,
2017,USA,147,0,147,-0.481580875,
2017,USA,392,19.6,372.4,-0.245460217,
2017,USA,312,15.6,296.4,-0.322823639,
2017,UK,112,0,112,-0.516042498,
2017,UK,147,0,147,-0.482603381,
2017,UK,127.2,0,127.2,-0.502026806,
2017,Venezuela,304,30.4,273.6,-0.331736285,
2017,Venezuela,160,16,144,-0.470919293,
2017,Venezuela,576,57.6,518.4,-0.069771248,
2017,Venezuela,720,72,648,0.069148761,
2017,Venezuela,84,0,84,-0.544571309,
2017,Venezuela,1060,0,1060,0.396950171,
2017,Venezuela,128,0,128,-0.502206305,
2017,Brazil,36.5,0,36.5,-0.590837647,
2017,Brazil,747,0,747,0.094434567,
2017,Brazil,141.6,35.4,106.2,-0.489738483,
2017,Germany,1320,0,1320,0.647142038,
2017,Germany,240,48,192,-0.394674574,
2017,Austria,252,63,189,-0.383354433,
2017,Austria,250.2,0,250.2,-0.385344544,
2017,Venezuela,2640,0,2640,1.920653539,
2017,Venezuela,300,0,300,-0.336270639,
2017,Venezuela,223.2,0,223.2,-0.410608113,
2017,Portugal,232.5,34.875,197.625,-0.401904987,
2017,Portugal,72.8,10.92,61.88,-0.556288038,
2017,Canada,672,33.6,638.4,0.021595287,
2017,Canada,224,11.2,212.8,-0.410728315,
2017,France,252,25.2,226.8,-0.383979742,
2017,France,136,13.6,122.4,-0.496179349,
2017,France,288,28.8,259.2,-0.349822956,
2017,Brazil,912,0,912,0.252129412,
2017,Canada,72,0,72,-0.558336441,
2017,Canada,154,0,154,-0.479574889,
2017,Canada,52,0,52,-0.578328473,
2017,Brazil,200,10,190,-0.435888105,
2017,Germany,425.6,0,425.6,-0.218465866,
2017,Germany,695,0,695,0.041370073,
2017,Germany,260,0,260,-0.378394694,
2017,Venezuela,63,0,63,-0.568760512,
2017,Venezuela,92,0,92,-0.541154794,
2017,Venezuela,420,0,420,-0.224983891,
2017,Venezuela,912,0,912,0.249665099,
2017,Venezuela,500,0,500,-0.147764047,
2017,France,186,9.3,176.7,-0.450885713,
2017,France,364.8,18.24,346.56,-0.278639168,
2017,Germany,149,0,149,-0.487081933,
2017,Mexico,199.5,0,199.5,-0.438674752,
2017,Mexico,196.8,0,196.8,-0.441575367,
2017,Mexico,420,0,420,-0.226475595,
2017,Ireland,1627.5,0,1627.5,0.938657702,
2017,Ireland,421,0,421,-0.225030545,
2017,USA,228,0,228,-0.411435006,
2017,USA,120,0,120,-0.515936948,
2017,USA,328,0,328,-0.315556998,
2017,USA,712.5,0,712.5,0.05528767,
2017,Canada,147.9,0,147.9,-0.489536535,
2017,Germany,252,25.2,226.8,-0.389407086,
2017,Germany,210,21,189,-0.430202414,
2017,Mexico,690,103.5,586.5,0.032725324,
2017,Mexico,191.25,28.6875,162.5625,-0.448566192,
2017,Germany,60,0,60,-0.575532012,
2017,Germany,180,0,180,-0.460117932,
2017,Germany,136.8,0,136.8,-0.50212024,
2017,USA,4456.44,0,4456.44,3.666163821,
2017,USA,279,27.9,251.1,-0.362738909,
2017,France,1100,165,935,0.429312006,
2017,France,1500,225,1275,0.815620455,
2017,France,400,60,340,-0.245367572,
2017,Brazil,45,6.75,38.25,-0.588124146,
2017,Brazil,108,16.2,91.8,-0.527728076,
2017,Brazil,57,8.55,48.45,-0.577305586,
2017,Brazil,408,61.2,346.8,-0.238971148,
2017,Germany,400,80,320,-0.246854923,
2017,Germany,1600,320,1280,0.91102412,
2017,Germany,427.5,85.5,342,-0.219861297,
2017,Austria,3159,0,3159,2.415994784,
2017,Austria,1596,0,1596,0.909294317,
2017,Austria,2660,0,2660,1.936720969,
2017,Austria,820.95,0,820.95,0.163294313,
2017,Austria,387.5,0,387.5,-0.254890047,
2017,Germany,1552,232.8,1319.2,0.868723736,
2017,Germany,872.5,0,872.5,0.213576935,
2017,Germany,5268,0,5268,4.455557369,
2017,Germany,40,6,34,-0.586601097,
2017,Germany,2856,428.4,2427.6,2.130547005,
2017,Ireland,1562.5,156.25,1406.25,0.883738115,
2017,Ireland,772,77.2,694.8,0.121484308,
2017,Ireland,280,0,280,-0.353231419,
2017,UK,42,0,42,-0.583155222,
2017,UK,220,0,220,-0.411781669,
2017,UK,90,0,90,-0.537522037,
2017,Mexico,22.5,0,22.5,-0.60303474,
2017,Mexico,3952.5,0,3952.5,3.189154286,
2017,Mexico,175.05,0,175.05,-0.454022927,
2017,Switzerland,496,24.8,471.2,-0.144608631,
2017,Switzerland,1520,0,1520,0.843491842,
2017,Switzerland,340,17,323,-0.294668791,
2017,Norway,36,0,36,-0.588246011,
2017,Norway,164,0,164,-0.465130533,
2017,Argentina,54,0,54,-0.571609066,
2017,Argentina,96.5,0,96.5,-0.530993477,
2017,Argentina,75,0,75,-0.552112384,
2017,Germany,720,144,576,0.069952866,
2017,Germany,960,0,960,0.301611351,
2017,Germany,517.8,103.56,414.24,-0.124918422,
2017,Germany,460,92,368,-0.180785151,
2017,UK,975,97.5,877.5,0.316083851,
2017,UK,1215,121.5,1093.5,0.547914954,
2017,UK,468,46.8,421.2,-0.172585697,
2017,UK,57.9,5.79,52.11,-0.568469716,
2017,Sweden,62,0,62,-0.564912258,
2017,Sweden,258.9,0,258.9,-0.375292868,
2017,Sweden,2760,0,2760,2.038104769,
2017,Sweden,111.75,0,111.75,-0.516128149,
2017,France,570,0,570,-0.074262037,
2017,France,276,27.6,248.4,-0.358036133,
2017,Finland,144,21.6,122.4,-0.485673907,
2017,Finland,60,0,60,-0.567080015,
2017,Finland,1140,171,969,0.47476271,
2017,Germany,1100,110,990,0.436496631,
2017,Germany,570,57,513,-0.074665875,
2017,USA,63,0,63,-0.563994,
2017,USA,20,4,16,-0.605890149,
2017,USA,313.2,0,313.2,-0.323369825,
2017,Belgium,336,0,336,-0.301596253,
2017,Belgium,250,0,250,-0.384803743,
2017,Belgium,360,0,360,-0.278922641,
2017,Austria,1560,0,1560,0.878927126,
2017,Austria,1150,0,1150,0.48388585,
2017,Austria,570,0,570,-0.07549295,
2017,Austria,900,0,900,0.242916481,
2017,Argentina,110,0,110,-0.519291982,
2017,UK,388.35,0,388.35,-0.25104349,
2017,UK,408,0,408,-0.232259643,
2017,Sweden,1100,55,1045,0.435382141,
2017,Sweden,835.2,0,835.2,0.180150757,
2017,Sweden,360,18,342,-0.27830739,
2017,Germany,258.9,0,258.9,-0.376072152,
2017,Germany,184,36.8,147.2,-0.448623041,
2017,Germany,74.5,14.9,59.6,-0.554616516,
2017,Mexico,1050,105,945,0.38638215,
2017,Mexico,184,18.4,165.6,-0.449065121,
2017,Mexico,97.5,9.75,87.75,-0.532863685,
2017,Mexico,825,82.5,742.5,0.168819839,
2017,Germany,570,142.5,427.5,-0.077143909,
2017,Germany,250,0,250,-0.38601225,
2017,Germany,75,0,75,-0.555172358,
2017,Germany,1190,297.5,892.5,0.520446979,
2017,Switzerland,375,0,375,-0.265685122,
2017,Switzerland,318,0,318,-0.320884233,
2017,Switzerland,265,0,265,-0.372263206,
2017,Switzerland,730.8,0,730.8,0.076983258,
2017,Switzerland,135,0,135,-0.497931873,
2017,UK,105,0,105,-0.527243632,
2017,UK,34.8,0,34.8,-0.595371501,
2017,UK,48,0,48,-0.583064714,
2017,UK,150,0,150,-0.485053758,
2017,UK,37.5,0,37.5,-0.593973012,
2017,UK,120,0,120,-0.514788878,
2017,Germany,600,0,600,-0.051944068,
2017,Germany,1249.2,0,1249.2,0.574522098,
2017,Germany,7905,0,7905,6.998053807,
2017,Germany,437.5,0,437.5,-0.203281808,
2017,Brazil,157.5,15.75,141.75,-0.473641283,
2017,Brazil,1054,105.4,948.6,0.391171358,
2017,Brazil,757.8,75.78,682.02,0.105612244,
2017,Brazil,193.5,19.35,174.15,-0.438882629,
2017,Germany,315,15.75,299.25,-0.321951324,
2017,Germany,178.8,8.94,169.86,-0.453625461,
2017,Venezuela,1140,171,969,0.473638665,
2017,Venezuela,630,94.5,535.5,-0.018184495,
2017,USA,319.2,0,319.2,-0.31813227,
2017,USA,98,0,98,-0.531832697,
2017,USA,210,0,210,-0.424138982,
2017,France,300,0,300,-0.337597249,
2017,France,540,0,540,-0.106236063,
2017,France,1972,0,1972,1.275622994,
2017,UK,768,115.2,652.8,0.11465486,
2017,UK,1140,0,1140,0.473734295,
2017,Germany,140,35,105,-0.49095609,
2017,Germany,135.1,0,135.1,-0.496047383,
2017,Germany,687.5,103.125,584.375,0.036674088,
2017,Germany,950,142.5,807.5,0.290024215,
2017,Germany,2544,381.6,2162.4,1.828512657,
2017,Spain,312,31.2,280.8,-0.324102181,
2017,Spain,92,0,92,-0.536651235,
2017,Spain,60,6,54,-0.567930625,
2017,Spain,285,28.5,256.5,-0.35121825,
2017,Portugal,698,104.7,593.3,0.047082337,
2017,Portugal,360,54,306,-0.279066179,
2017,Portugal,778,0,778,0.124112905,
2017,Venezuela,648,0,648,-0.001249881,
2017,Venezuela,232.5,0,232.5,-0.402224935,
2017,Finland,315,0,315,-0.322909078,
2017,Finland,244.3,0,244.3,-0.391378384,
2017,Finland,504,0,504,-0.141049786,
2017,Finland,375,0,375,-0.265645365,
2017,Finland,108,0,108,-0.523509734,
2017,Germany,523.5,26.175,497.325,-0.12292746,
2017,Germany,180,9,171,-0.454510783,
2017,Germany,986,49.3,936.7,0.322970749,
2017,Germany,130,6.5,123.5,-0.502861207,
2017,USA,697.5,139.5,558,0.044421472,
2017,USA,322,64.4,257.6,-0.317917675,
2017,USA,81,16.2,64.8,-0.550731352,
2017,USA,1060,212,848,0.393628418,
2017,USA,1520,304,1216,0.837843227,
2017,Denmark,835.2,0,835.2,0.177615213,
2017,Germany,997.5,0,997.5,0.334375154,
2017,Germany,155,0,155,-0.478418692,
2017,UK,237.5,0,237.5,-0.399164235,
2017,UK,1060,0,1060,0.394279458,
2017,UK,210,0,210,-0.425706302,
2017,UK,590.4,0,590.4,-0.058927344,
2017,UK,45,0,45,-0.585304805,
2017,France,115.8,5.79,110.01,-0.517423722,
2017,France,432,21.6,410.4,-0.212670654,
2017,Germany,517.8,0,517.8,-0.130031703,
2017,Germany,739.5,184.875,554.625,0.083818858,
2017,Sweden,194.5,0,194.5,-0.442064205,
2017,Sweden,2650,0,2650,1.927255101,
2017,Italy,50,5,45,-0.580381086,
2017,Italy,493,49.3,443.7,-0.153310727,
2017,Brazil,475,0,475,-0.170798389,
2017,Brazil,490,0,490,-0.15645317,
2017,USA,624,31.2,592.8,-0.02725733,
2017,USA,75,3.75,71.25,-0.557085132,
2017,USA,600,30,570,-0.050865361,
2017,Canada,112.5,11.25,101.25,-0.521361311,
2017,Canada,598.5,59.85,538.65,-0.052751379,
2017,France,735,110.25,624.75,0.078936128,
2017,France,1125,168.75,956.25,0.45536231,
2017,France,180,0,180,-0.456250754,
2017,Ireland,750,150,600,0.093471357,
2017,Ireland,159,0,159,-0.476795385,
2017,Ireland,2200,440,1760,1.492484217,
2017,Spain,155,0,155,-0.479872759,
2017,USA,437.5,87.5,350,-0.207618945,
2017,USA,540,0,540,-0.108862544,
2017,Canada,315,15.75,299.25,-0.326080609,
2017,Canada,2280,114,2166,1.569971007,
2017,Austria,255.75,38.3625,217.3875,-0.382297015,
2017,Austria,392,58.8,333.2,-0.25110621,
2017,Sweden,209.4,20.94,188.46,-0.42751702,
2017,Sweden,320,32,288,-0.321115004,
2017,Sweden,920,0,920,0.257659879,
2017,Sweden,116.25,11.625,104.625,-0.517790978,
2017,Mexico,702,0,702,0.047078881,
2017,Mexico,560,0,560,-0.089920191,
2017,Mexico,820,0,820,0.160920233,
2017,USA,35,0,35,-0.596510844,
2017,USA,36.8,0,36.8,-0.595238706,
2017,USA,493,0,493,-0.15545176,
2017,USA,199.5,0,199.5,-0.438812354,
2017,Germany,660,0,660,0.005245746,
2017,Germany,263.4,0,263.4,-0.377485018,
2017,Germany,1044,0,1044,0.375529838,
2017,Germany,180,0,180,-0.457970654,
2017,Mexico,180,0,180,-0.458329566,
2017,Mexico,250,0,250,-0.391136239,
2017,Mexico,408.45,0,408.45,-0.238532665,
2017,USA,180,0,180,-0.459183432,
2017,USA,155,0,155,-0.483670426,
2017,USA,234,0,234,-0.407812809,
2017,UK,360,0,360,-0.28653888,
2017,UK,117,0,117,-0.521269401,
2017,USA,155,0,155,-0.485008976,
2017,USA,162.75,0,162.75,-0.477912717,
2017,Germany,348.75,17.4375,331.3125,-0.298792774,
2017,Germany,86.85,4.3425,82.5075,-0.551772952,
2017,Germany,631.5,31.575,599.925,-0.026600442,
2017,Brazil,387.5,77.5,310,-0.262091265,
2017,Germany,78,0,78,-0.560978825,
2017,Germany,252,0,252,-0.393506733,
2017,Finland,1237.9,0,1237.9,0.557613901,
2017,Finland,816,122.4,693.6,0.150906425,
2017,Finland,360,54,306,-0.28903186,
2017,France,625,31.25,593.75,-0.033526196,
2017,Brazil,142.5,0,142.5,-0.499184691,
2017,Italy,28,4.2,23.8,-0.610079529,
2017,Brazil,187.38,0,187.38,-0.456757959,
2017,Brazil,360,0,360,-0.290537285,
2017,Brazil,260,0,260,-0.387273344,
2017,Germany,2500,500,2000,1.774106696,
2017,Germany,1400,280,1120,0.713981976,
2017,USA,72,0,72,-0.567019508,
2017,Canada,360,0,360,-0.289542329,
2017,Canada,780,39,741,0.115542282,
2017,Denmark,140,0,140,-0.501990591,
2017,Denmark,300,0,300,-0.347987395,
2017,Denmark,372.5,0,372.5,-0.278301728,
2017,Germany,387.5,19.375,368.125,-0.264050023,
2017,Germany,156.15,7.8075,148.3425,-0.487524628,
2017,Germany,1701,340.2,1360.8,1.002924575,
2017,Germany,720,144,576,0.05702914,
2017,Germany,72,14.4,57.6,-0.568270755,
2017,USA,168,0,168,-0.476085937,
2017,USA,397.5,0,397.5,-0.254994128,
2017,Austria,540,135,405,-0.117682233,
2017,Austria,3420,855,2565,2.661537692,
2017,Austria,2340,585,1755,1.621451325,
2017,USA,190,38,152,-0.45206964,
2017,USA,1053.6,210.72,842.88,0.380971968,
2017,USA,232.5,46.5,186,-0.411112898,
2017,Austria,157.5,31.5,126,-0.483825137,
2017,Austria,390,0,390,-0.259847009,
2017,Austria,252.6,50.52,202.08,-0.392655108,
2017,USA,2195,0,2195,1.481518586,
2017,USA,193.5,0,193.5,-0.448800568,
2017,UK,493,0,493,-0.160137454,
2017,USA,29.8,0,29.8,-0.607274816,
2017,USA,450,0,450,-0.202261551,
2017,Venezuela,360,0,360,-0.289280668,
2017,Venezuela,1925,0,1925,1.220770018,
2017,Denmark,65,16.25,48.75,-0.57320376,
2017,USA,1008,0,1008,0.33635874,
2017,USA,500,25,475,-0.153605426,
2017,Portugal,76.5,7.65,68.85,-0.562426084,
2017,Portugal,180,18,162,-0.463006965,
2017,Canada,523.5,26.175,497.325,-0.131896799,
2017,Canada,1100,55,1045,0.424340117,
2017,Canada,2380,119,2261,1.659941151,
2017,Canada,322.5,16.125,306.375,-0.324259071,
2017,Brazil,440,88,352,-0.211134632,
2017,Brazil,480,96,384,-0.172707523,
2017,Brazil,493,98.6,394.4,-0.160304855,
2017,USA,1350,0,1350,0.666601727,
2017,USA,3900,0,3900,3.12800602,
2017,USA,35,0,35,-0.599279897,
2017,USA,772.8,0,772.8,0.112229291,
2017,USA,417.6,0,417.6,-0.230459705,
2017,Germany,1064,0,1064,0.393150584,
2017,France,54,0,54,-0.581212741,
2017,France,310,0,310,-0.33464644,
2017,France,60,0,60,-0.576185314,
2017,France,399,99.75,299.25,-0.249517307,
2017,Poland,108,0,108,-0.530552227,
2017,Poland,190,0,190,-0.451862181,
2017,Poland,510,0,510,-0.143427191,
2017,USA,2170,0,2170,1.458419195,
2017,USA,1045,0,1045,0.373970646,
2017,USA,360,0,360,-0.286768287,
2017,USA,1360,0,1360,0.678031141,
2017,USA,1440,0,1440,0.755803637,
2017,Venezuela,48,4.8,43.2,-0.586896921,
2017,Venezuela,310,0,310,-0.334550045,
2017,Germany,294,0,294,-0.350272293,
2017,Germany,80,0,80,-0.557085945,
2017,Germany,90,0,90,-0.547905263,
2017,Finland,120,0,120,-0.51941643,
2017,USA,3952.5,197.625,3754.875,3.178660693,
2017,USA,532,0,532,-0.119571695,
2017,USA,225,11.25,213.75,-0.415940137,
2017,USA,322.5,16.125,306.375,-0.32220093,
2017,USA,1650,247.5,1402.5,0.958616625,
2017,Canada,1750,0,1750,1.055933702,
2017,Canada,760,0,760,0.101440475,
2017,Canada,187.5,0,187.5,-0.450958742,
2017,Canada,420,0,420,-0.226970409,
2017,Canada,840,0,840,0.178153226,
2017,Canada,22.5,0,22.5,-0.610615229,
2017,Canada,35,0,35,-0.599072787,
2017,UK,46,0,46,-0.588968501,
2017,UK,90,0,90,-0.547009703,
2017,UK,300,0,300,-0.344818832,
2017,UK,322.5,0,322.5,-0.323400401,
2017,Brazil,380,0,380,-0.268187484,
2017,Brazil,225,45,180,-0.417998495,
2017,Germany,488.25,0,488.25,-0.164310202,
2017,Germany,138,13.8,124.2,-0.502456503,
2017,Germany,250,25,225,-0.394803686,
2017,Germany,13.5,0,13.5,-0.623375117,
2017,Germany,540,54,486,-0.115818022,
2017,USA,456,0,456,-0.19698114,
2017,USA,742.74,0,742.74,0.07956462,
2017,USA,194.5,0,194.5,-0.449440263,
2017,Mexico,69.75,0,69.75,-0.570217121,
2017,Mexico,70,0,70,-0.570468702,
2017,Mexico,340,0,340,-0.310401386,
2017,Sweden,393.6,0,393.6,-0.258943988,
2017,Sweden,680,0,680,0.017219082,
2017,Sweden,430,0,430,-0.224025985,
2017,USA,739.5,0,739.5,0.074459429,
2017,USA,525,78.75,446.25,-0.132476961,
2017,France,450,0,450,-0.204970159,
2017,Spain,2475.8,0,2475.8,1.749829494,
2017,Spain,299.25,0,299.25,-0.349104088,
2017,Germany,288,14.4,273.6,-0.36026515,
2017,Germany,630,0,630,-0.030535836,
2017,France,62,6.2,55.8,-0.578705228,
2017,Germany,570,28.5,541.5,-0.088970767,
2017,Germany,50,2.5,47.5,-0.590869409,
2017,Austria,1368,205.2,1162.8,0.680535919,
2017,Austria,78,11.7,66.3,-0.563769249,
2017,Austria,1093.05,163.9575,929.0925,0.415300073,
2017,Austria,3944,591.6,3352.4,3.166945494,
2017,France,1050,0,1050,0.376902624,
2017,France,3125,0,3125,2.379692123,
2017,France,795,0,795,0.133243711,
2017,France,15.5,0,15.5,-0.618887578,
2017,Italy,220,22,198,-0.422082653,
2017,Italy,320.25,32.025,288.225,-0.325709928,
2017,Italy,840,0,840,0.175581885,
2017,Finland,550,0,550,-0.104124472,
2017,Finland,79.5,0,79.5,-0.55826794,
2017,Brazil,210,0,210,-0.432824699,
2017,Brazil,406.25,20.3125,385.9375,-0.243819308,
2017,Brazil,2280,114,2166,1.564208058,
2017,Venezuela,190,0,190,-0.45133638,
2017,Venezuela,442.05,0,442.05,-0.208499235,
2017,Venezuela,2088,0,2088,1.379722864,
2017,Norway,500,0,500,-0.15153206,
2017,Germany,720,180,540,0.060641686,
2017,Germany,225,56.25,168.75,-0.41699902,
2017,Venezuela,950,0,950,0.282282663,
2017,Venezuela,1104,0,1104,0.431151087,
2017,Denmark,300,60,240,-0.344355432,
2017,Denmark,570,114,456,-0.084102917,
2017,Germany,684,171,513,0.025836283,
2017,Germany,378,94.5,283.5,-0.269442787,
2017,Germany,24,6,18,-0.611308819,
2017,Brazil,250,25,225,-0.393759022,
2017,Brazil,920,0,920,0.252463682,
2017,Brazil,252,25.2,226.8,-0.391955802,
2017,Brazil,1250,0,1250,0.57080101,
2017,Brazil,285,0,285,-0.359947896,
2017,Ireland,270,67.5,202.5,-0.374748359,
2017,Ireland,558,139.5,418.5,-0.097155363,
2017,Ireland,645,161.25,483.75,-0.013284727,
2017,Ireland,455,113.75,341.25,-0.19665435,
2017,Brazil,276,0,276,-0.36957464,
2017,Brazil,360,0,360,-0.288846343,
2017,Brazil,315,0,315,-0.332535254,
2017,Brazil,67.5,10.125,57.375,-0.571684685,
2017,Belgium,912,0,912,0.242771886,
2017,Belgium,522,0,522,-0.133372814,
2017,Brazil,776.7,0,776.7,0.112301407,
2017,Brazil,820,41,779,0.15419001,
2017,Brazil,223.5,0,223.5,-0.421315669,
2017,Germany,110.4,27.6,82.8,-0.530846456,
2017,Germany,420,105,315,-0.232555305,
2017,Brazil,51.78,12.945,38.835,-0.588115104,
2017,Brazil,280,0,280,-0.368412241,
2017,Germany,523.5,52.35,471.15,-0.133762683,
2017,Germany,680,68,612,0.01714336,
2017,Sweden,264,26.4,237.6,-0.38429754,
2017,Sweden,360,36,324,-0.292006914,
2017,Sweden,44.7,4.47,40.23,-0.596552663,
2017,Italy,193,38.6,154.4,-0.453986542,
2017,USA,69.75,6.975,62.775,-0.573346143,
2017,USA,544.6,54.46,490.14,-0.115625814,
2017,USA,57,5.7,51.3,-0.586286085,
2017,USA,775,0,775,0.106070785,
2017,USA,231.6,0,231.6,-0.418233831,
2017,USA,540,0,540,-0.121002747,
2017,USA,95,0,95,-0.550557693,
2017,USA,1710,0,1710,1.007471194,
2017,USA,1020,0,1020,0.342529032,
2017,Germany,600,0,600,-0.062469434,
2017,Germany,1288,64.4,1223.6,0.601419978,
2017,Germany,1870,93.5,1776.5,1.163633242,
2017,Germany,910,45.5,864.5,0.238279305,
2017,Brazil,250,12.5,237.5,-0.398424823,
2017,Brazil,441.6,22.08,419.52,-0.21389517,
2017,Brazil,600,30,570,-0.061232735,
2017,USA,1701,0,1701,1.00121903,
2017,Ireland,54,10.8,43.2,-0.587264387,
2017,Ireland,649.25,129.85,519.4,-0.013374713,
2017,USA,125,0,125,-0.519309482,
2017,France,552,27.6,524.4,-0.107725014,
2017,France,420,21,399,-0.23521154,
2017,France,1060,53,1007,0.382192791,
2017,Portugal,744,111.6,632.4,0.07760003,
2017,Portugal,456,68.4,387.6,-0.200258353,
2017,Portugal,315.75,47.3625,268.3875,-0.335794137,
2017,USA,1060,0,1060,0.382119801,
2017,USA,55,0,55,-0.587384232,
2017,USA,180,0,180,-0.46730994,
2017,Switzerland,4456.44,0,4456.44,3.65918321,
2017,Switzerland,210.5,0,210.5,-0.434850328,
2017,Austria,1620,324,1296,0.924960987,
2017,Austria,301,60.2,240.8,-0.347048374,
2017,Germany,100,10,90,-0.541351309,
2017,Germany,96,9.6,86.4,-0.545726551,
2017,Germany,498.75,49.875,448.875,-0.157576429,
2017,Denmark,570,0,570,-0.088967544,
2017,Germany,288,0,288,-0.361193718,
2017,Germany,720,0,720,0.055358584,
2017,Germany,350,0,350,-0.301653293,
2017,Germany,750,0,750,0.084074045,
2017,Germany,193.75,0,193.75,-0.452648927,
2017,France,174.5,0,174.5,-0.471659935,
2017,France,493,0,493,-0.164747342,
2017,France,252.6,0,252.6,-0.396901218,
2017,Sweden,3952.5,395.25,3557.25,3.173268661,
2017,Sweden,258,0,258,-0.389017481,
2017,Finland,52.35,0,52.35,-0.587852734,
2017,Finland,84,0,84,-0.557876096,
2017,Finland,276,0,276,-0.373126905,
2017,UK,45,0,45,-0.596411656,
2017,Germany,697.5,0,697.5,0.032700147,
2017,Germany,328,0,328,-0.323850479,
2017,Germany,397.5,0,397.5,-0.257094007,
2017,Mexico,62,0,62,-0.581114293,
2017,Mexico,64.4,0,64.4,-0.579362385,
2017,Mexico,408.45,0,408.45,-0.247903406,
2017,Mexico,936.9,140.535,796.365,0.261830833,
2017,Mexico,20,3,17,-0.6227594,
2017,USA,3800,0,3800,3.024484841,
2017,USA,75,0,75,-0.567338461,
2017,USA,1158,0,1158,0.477245823,
2017,USA,223.5,0,223.5,-0.424117545,
2017,France,660,0,660,-0.003292571,
2017,USA,872.5,218.125,654.375,0.201775205,
2017,USA,250,62.5,187.5,-0.398764379,
2017,USA,560,140,420,-0.099993307,
2017,USA,276,27.6,248.4,-0.374162893,
2017,USA,120,12,108,-0.525077043,
2017,USA,931,0,931,0.257053593,
2017,Mexico,75,0,75,-0.568767396,
2017,Mexico,68,0,68,-0.576083591,
2017,Mexico,232.5,0,232.5,-0.417903201,
2017,France,63,0,63,-0.581890429,
2017,Germany,368,0,368,-0.288128787,
2017,Germany,380,0,380,-0.276833583,
2017,Germany,1020,0,1020,0.340517656,
2017,Brazil,620,0,620,-0.045160531,
2017,Brazil,38.6,0,38.6,-0.606279637,
2017,Brazil,142.5,0,142.5,-0.506614644,
2017,Austria,1170,234,936,0.484459867,
2017,Austria,468.45,0,468.45,-0.192081418,
2017,Ireland,4850,1212.5,3637.5,4.036098109,
2017,Ireland,1237.9,0,1237.9,0.554305149,
2017,Ireland,114,28.5,85.5,-0.529749562,
2017,Denmark,558,55.8,502.2,-0.101801549,
2017,Denmark,2736,273.6,2462.4,1.999953678,
2017,Denmark,196,0,196,-0.449243973,
2017,Sweden,630,157.5,472.5,-0.030867206,
2017,Brazil,760,190,570,0.094557003,
2017,Brazil,390,97.5,292.5,-0.262412766,
2017,Germany,540,0,540,-0.117920762,
2017,Germany,4951.6,0,4951.6,4.139330972,
2017,Germany,1840,0,1840,1.140685205,
2017,Germany,466.8,0,466.8,-0.183356686,
2017,Germany,2366.4,0,2366.4,1.649648099,
2017,Germany,878,0,878,0.214950552,
2017,USA,582,0,582,-0.070483728,
2017,USA,447,67.05,379.95,-0.200835541,
2017,USA,1080,162,918,0.409831095,
2017,USA,225,33.75,191.25,-0.414862037,
2017,Germany,2700,0,2700,1.973190367,
2017,Germany,1375,0,1375,0.696519675,
2017,Germany,750,0,750,0.094078959,
2017,Finland,400,0,400,-0.243589142,
2017,Finland,152,0,152,-0.483167623,
2017,Finland,90,0,90,-0.543493635,
2017,USA,780,0,780,0.121828249,
2017,USA,216,0,216,-0.422329618,
2017,Venezuela,64.4,16.1,48.3,-0.569062397,
2017,Venezuela,162,40.5,121.5,-0.475458147,
2017,Venezuela,397.5,99.375,298.125,-0.248679375,
2017,Venezuela,450,112.5,337.5,-0.198270355,
2017,Austria,315,0,315,-0.328754738,
2017,Austria,312,15.6,296.4,-0.331988431,
2017,Austria,1485.48,74.274,1411.206,0.800124458,
2017,Austria,1368.25,68.4125,1299.8375,0.68781854,
2017,Austria,120,6,114,-0.51608209,
2017,Germany,114,0,114,-0.522406024,
2017,USA,90,18,72,-0.546107777,
2017,USA,168,33.6,134.4,-0.471400572,
2017,USA,500,100,400,-0.151496295,
2017,USA,1290,258,1032,0.610727992,
2017,Ireland,2310,346.5,1963.5,1.59570365,
2017,Ireland,430,64.5,365.5,-0.216911098,
2017,Ireland,630,94.5,535.5,-0.024129046,
2017,Germany,60,0,60,-0.57422701,
2017,Germany,270,0,270,-0.37216801,
2017,Sweden,95,0,95,-0.541438902,
2017,Sweden,1925,0,1925,1.224017949,
2017,Sweden,525,0,525,-0.125756364,
2017,Brazil,132,0,132,-0.505148906,
2017,Brazil,157.5,0,157.5,-0.481070448,
2017,Brazil,306,0,306,-0.338267333,
2017,Venezuela,250,0,250,-0.39266527,
2017,Venezuela,128,0,128,-0.510813482,
2017,USA,349,0,349,-0.298077906,
2017,USA,1104,0,1104,0.43021287,
2017,USA,440,0,440,-0.210119404,
2017,UK,504,0,504,-0.148578957,
2017,UK,780,0,780,0.117614858,
2017,UK,420,63,357,-0.229674952,
2017,USA,85.4,0,85.4,-0.552820895,
2017,USA,95,0,95,-0.54414337,
2017,Brazil,1600,0,1600,0.907663577,
2017,Brazil,1484,0,1484,0.796684536,
2017,Brazil,340,0,340,-0.30647279,
2017,Italy,46,0,46,-0.590521282,
2017,Italy,47.5,0,47.5,-0.589703947,
2017,USA,110.4,0,110.4,-0.529632957,
2017,USA,405.3,0,405.3,-0.245609111,
2017,USA,3936,0,3936,3.16139467,
2017,Ireland,98.4,4.92,93.48,-0.538654435,
2017,Ireland,1140,0,1140,0.465953279,
2017,USA,558,0,558,-0.095199517,
2017,USA,936.9,0,936.9,0.270351776,
2017,USA,1045,0,1045,0.374963614,
2017,USA,288,0,288,-0.355167614,
2017,USA,570,142.5,427.5,-0.083409469,
2017,USA,1053,263.25,789.75,0.382614778,
2017,USA,475,118.75,356.25,-0.174764707,
2017,USA,684,171,513,0.026739514,
2017,USA,159,39.75,119.25,-0.479877518,
2017,France,651,0,651,-0.00559831,
2017,France,645,0,645,-0.011394629,
2017,Argentina,50,0,50,-0.585605817,
2017,Argentina,371,0,371,-0.276465196,
2017,Argentina,285,0,285,-0.359759797,
2017,Germany,320,16,304,-0.326375719,
2017,Germany,111.75,0,111.75,-0.527701606,
2017,Germany,900,45,855,0.232414455,
2017,Germany,1368,0,1368,0.68430746,
2017,Germany,349,0,349,-0.29831879,
2017,Germany,760,0,760,0.097985549,
2017,Germany,986,0,986,0.316192148,
2017,USA,750,187.5,562.5,0.088790171,
2017,USA,77.67,19.4175,58.2525,-0.559937497,
2017,USA,298,74.5,223.5,-0.347926904,
2017,Brazil,378,0,378,-0.271107305,
2017,Brazil,172,0,172,-0.470204782,
2017,Germany,972.5,48.625,923.875,0.301790179,
2017,USA,57,0,57,-0.581370107,
2017,USA,625,0,625,-0.033871205,
2017,USA,562.5,0,562.5,-0.094223756,
2017,USA,325.5,0,325.5,-0.323042815,
2017,USA,468.45,0,468.45,-0.185449282,
2017,Canada,496,0,496,-0.159068714,
2017,Canada,142.5,0,142.5,-0.500387493,
2017,Brazil,115.8,0,115.8,-0.526711906,
2017,Brazil,28,0,28,-0.612030267,
2017,Brazil,144,0,144,-0.500769459,
2017,UK,550,0,550,-0.109523362,
2017,UK,105,0,105,-0.53908881,
2017,Italy,780,39,741,0.111708833,
2017,Italy,380,19,361,-0.274181794,
2017,Italy,550,27.5,522.5,-0.110433063,
2017,Brazil,388.35,0,388.35,-0.266556001,
2017,Brazil,110.4,0,110.4,-0.535089046,
2017,Brazil,288,0,288,-0.364301198,
2017,Brazil,510,0,510,-0.150473492,
2017,Venezuela,900,0,900,0.225722083,
2017,Venezuela,300,0,300,-0.353046578,
2017,Venezuela,650,0,650,-0.015682403,
2017,France,261.75,13.0875,248.6625,-0.390376965,
2017,France,37.5,1.875,35.625,-0.607230293,
2017,France,210.5,10.525,199.975,-0.440968407,
2017,Switzerland,400,20,380,-0.258594996,
2017,Switzerland,1590,79.5,1510.5,0.889508082,
2017,France,360,0,360,-0.296476861,
2017,Sweden,372,0,372,-0.285234825,
2017,Sweden,912,0,912,0.235560795,
2017,Sweden,175,0,175,-0.475404169,
2017,Brazil,750,0,750,0.078949271,
2017,Brazil,388.35,0,388.35,-0.269966909,
2017,Brazil,360,0,360,-0.297635744,
2017,USA,570,57,513,-0.095319453,
2017,USA,26,2.6,23.4,-0.620410904,
2017,Ireland,842,0,842,0.166346981,
2017,Ireland,155,0,155,-0.496443638,
2017,France,24,0,24,-0.623437139,
2017,France,115.8,0,115.8,-0.535567203,
2017,France,52.35,0,52.35,-0.597418861,
2017,France,114,0,114,-0.538616403,
2017,France,126,0,126,-0.527660768,
2017,USA,228,45.6,182.4,-0.429839533,
2017,USA,630,126,504,-0.042393265,
2017,USA,380,76,304,-0.283702618,
2017,USA,532,106.4,425.6,-0.137347193,
2017,UK,285,57,228,-0.375872339,
2017,Canada,200,0,200,-0.458339843,
2017,Canada,1700,0,1700,0.988684095,
2017,Canada,1218,0,1218,0.524692522,
2017,UK,336,16.8,319.2,-0.325857648,
2017,Denmark,920,184,736,0.237343253,
2017,Germany,1500,0,1500,0.797345355,
2017,Germany,311.2,0,311.2,-0.34895615,
2017,Germany,2475,0,2475,1.738786393,
2017,Germany,243.6,0,243.6,-0.412553419,
2017,Switzerland,36,0,36,-0.6133828,
2017,Switzerland,392,0,392,-0.270553597,
2017,Switzerland,443.7,0,443.7,-0.22098121,
2017,Switzerland,1440,0,1440,0.740226321,
2017,Austria,100,0,100,-0.5520492,
2017,Austria,337.75,0,337.75,-0.323266579,
2017,Austria,395.1,0,395.1,-0.268305919,
2017,Austria,1080,0,1080,0.392330569,
2017,USA,396,0,396,-0.267289178,
2017,USA,736,0,736,0.060505463,
2017,USA,1064,0,1064,0.377110873,
2017,UK,570,0,570,-0.0991678,
2017,UK,330,0,330,-0.330896165,
2017,UK,180,0,180,-0.476048923,
2017,Finland,116.25,17.4375,98.8125,-0.538141711,
2017,Finland,380,57,323,-0.284259215,
2017,Finland,1375,206.25,1168.75,0.675613522,
2017,Switzerland,374.76,37.476,337.284,-0.288844101,
2017,Switzerland,776.7,0,776.7,0.098695654,
2017,Switzerland,325,32.5,292.5,-0.337093719,
2017,Switzerland,225,0,225,-0.434005329,
2017,UK,144,0,144,-0.512699,
2017,UK,108,0,108,-0.548061893,
2017,Italy,38,0,38,-0.616279817,
2017,Italy,50,0,50,-0.605448159,
2017,Italy,55.2,0,55.2,-0.601166505,
2017,France,285,71.25,213.75,-0.380132549,
2017,France,1140,285,855,0.444513079,
2017,France,273,68.25,204.75,-0.391633855,
2017,France,900,225,675,0.212967459,
2017,USA,1312.5,262.5,1050,0.611307131,
2017,USA,380,76,304,-0.287843523,
2017,USA,75,15,60,-0.582533907,
2017,USA,720,144,576,0.039201253,
2017,USA,420,0,420,-0.250262531,
2017,USA,385,0,385,-0.284347136,
2017,USA,1479,0,1479,0.771056017,
2017,USA,798,0,798,0.114815694,
2017,Switzerland,624.6,0,624.6,-0.05238032,
2017,Switzerland,420,0,420,-0.249892332,
2017,Switzerland,600,0,600,-0.076494787,
2017,Mexico,320,0,320,-0.346800895,
2017,Belgium,168,42,126,-0.493917784,
2017,Belgium,1756,0,1756,1.037951418,
2017,Belgium,1380,345,1035,0.676388968,
2017,USA,490,122.5,367.5,-0.181653258,
2017,USA,139.5,0,139.5,-0.520126563,
2017,Sweden,288,0,288,-0.377468281,
2017,Sweden,285,0,285,-0.380835827,
2017,Sweden,1484,0,1484,0.775769901,
2017,Sweden,2280,0,2280,1.544915108,
2017,France,400,0,400,-0.267419253,
2017,France,126,0,126,-0.532176591,
2017,France,90,0,90,-0.567588279,
2017,Austria,200,20,180,-0.462149627,
2017,Austria,2340,234,2106,1.602452462,
2017,Germany,1684,168.4,1515.6,0.971412075,
2017,Germany,760,0,760,0.080944746,
2017,Germany,1050,0,1050,0.360908939,
2017,Germany,500,0,500,-0.169405057,
2017,Belgium,28,0,28,-0.625119194,
2017,UK,84,0,84,-0.571872271,
2017,UK,625,0,625,-0.050514128,
2017,UK,510,0,510,-0.16155816,
2017,UK,258,0,258,-0.404954573,
2017,Denmark,289.5,14.475,275.025,-0.375073658,
2017,Denmark,105,5.25,99.75,-0.553603787,
2017,Denmark,570,0,570,-0.105569933,
2017,Denmark,739.5,0,739.5,0.057868828,
2017,Brazil,315,78.75,236.25,-0.351716272,
2017,Austria,344,0,344,-0.324182771,
2017,Germany,2228.22,0,2228.22,1.493747146,
2017,Germany,1375,0,1375,0.672283128,
2017,Austria,1287,0,1287,0.588228191,
2017,Austria,875,175,700,0.191392676,
2017,Austria,54.25,10.85,43.4,-0.60041599,
2017,Sweden,25,6.25,18.75,-0.62942216,
2017,Sweden,850,0,850,0.165918413,
2017,USA,186,0,186,-0.474652392,
2017,USA,42,0,42,-0.614236189,
2017,Austria,200,10,190,-0.462560698,
2017,Austria,168,8.4,159.6,-0.494045843,
2017,Austria,256.5,12.825,243.675,-0.409285614,
2017,Austria,6360,318,6042,5.480300342,
2017,Brazil,280,56,224,-0.379960319,
2017,Sweden,96.5,0,96.5,-0.557543796,
2017,Germany,349,0,349,-0.314603841,
2017,Germany,986,0,986,0.29971269,
2017,Venezuela,525,0,525,-0.144775874,
2017,Venezuela,195,0,195,-0.463430073,
2017,Finland,22.35,4.47,17.88,-0.630656422,
2017,Finland,760,152,608,0.080371136,
2017,Finland,350,0,350,-0.315188815,
2017,Argentina,12.5,0,12.5,-0.641307839,
2017,Brazil,125,0,125,-0.533592508,
2017,Brazil,1317.5,0,1317.5,0.616508133,
2017,Italy,570,0,570,-0.104038354,
2017,Italy,36,5.4,30.6,-0.619508435,
2017,Italy,1044,156.6,887.4,0.352424776,
2017,Venezuela,310,0,310,-0.355443431,
2017,Venezuela,77.5,0,77.5,-0.58029106,
2017,Brazil,1200,240,960,0.502188475,
2017,Brazil,388.35,77.67,310.68,-0.280412166,
2017,Brazil,325.5,65.1,260.4,-0.341441829,
2017,France,285,14.25,270.75,-0.380985494,
2017,France,2475.8,123.79,2352.01,1.732710692,
2017,Germany,460,23,437,-0.21027861,
2017,Germany,310,15.5,294.5,-0.355318771,
2017,France,1875,0,1875,1.154488027,
2017,France,270,0,270,-0.392836834,
2017,France,1317,0,1317,0.61702703,
2017,France,225,0,225,-0.435958304,
2017,Brazil,90,13.5,76.5,-0.566831845,
2017,Brazil,760,114,646,0.078972708,
2017,Germany,1733.06,86.653,1646.407,1.018122274,
2017,Germany,193,9.65,183.35,-0.466706359,
2017,Poland,190,0,190,-0.470239928,
2017,Poland,22.35,0,22.35,-0.632673049,
2017,Poland,187.5,0,187.5,-0.474164556,
2017,UK,135.1,0,135.1,-0.525383978,
2017,UK,56,0,56,-0.602441316,
2017,Brazil,348.75,69.75,279,-0.320755663,
2017,Brazil,44.7,8.94,35.76,-0.614618499,
2017,Austria,1134.25,0,1134.25,0.435991918,
2017,Austria,1365,341.25,1023.75,0.659277931,
2017,Venezuela,655.83,131.166,524.664,-0.024186362,
2017,Venezuela,194.5,0,194.5,-0.469421813,
2017,Venezuela,1163.75,232.75,931,0.465291237,
2017,Venezuela,864,172.8,691.2,0.176667632,
2017,Germany,420,0,420,-0.251564075,
2017,UK,98.6,0,98.6,-0.562078789,
2017,UK,348,0,348,-0.322182838,
2017,Germany,120,18,102,-0.542662564,
2017,Germany,90,13.5,76.5,-0.572373796,
2017,Germany,1375,0,1375,0.666899842,
2017,UK,1050,105,945,0.354198498,
2017,UK,530,53,477,-0.147124136,
2017,UK,52.15,5.215,46.935,-0.608475719,
2017,Spain,1560,390,1170,0.845801636,
2017,Spain,2475.8,618.95,1856.85,1.730779907,
2017,Denmark,647.25,161.8125,485.4375,-0.031395932,
2017,Denmark,1590,397.5,1192.5,0.878351063,
2017,Denmark,1440,360,1080,0.73484095,
2017,Denmark,246.5,61.625,184.875,-0.415890488,
2017,Brazil,220.8,11.04,209.76,-0.44128361,
2017,Brazil,210,10.5,199.5,-0.452334651,
2017,Brazil,825,41.25,783.75,0.140519682,
2017,UK,1116,0,1116,0.421547065,
2017,UK,1094.4,0,1094.4,0.401305273,
2017,UK,80,12,68,-0.577056372,
2017,USA,140,0,140,-0.519981886,
2017,USA,2635,0,2635,1.887045826,
2017,France,380,95,285,-0.286404212,
2017,France,42.1,0,42.1,-0.612903916,
2017,France,150,37.5,112.5,-0.50966052,
2017,Italy,18.4,0,18.4,-0.637396289,
2018,USA,760,114,646,0.077354953,
2018,USA,900,135,765,0.212572663,
2018,Brazil,140,0,140,-0.520549218,
2018,Canada,42,0,42,-0.61587975,
2018,Canada,70,0,70,-0.589755107,
2018,Canada,75,0,75,-0.585789609,
2018,Venezuela,138,0,138,-0.525847256,
2018,Venezuela,162,0,162,-0.503455078,
2018,Venezuela,552,0,552,-0.127826599,
2018,Italy,200,20,180,-0.46770811,
2018,Italy,1392,139.2,1252.8,0.68193278,
2018,Italy,260,0,260,-0.409489663,
2018,Brazil,228,45.6,182.4,-0.440974021,
2018,Brazil,420,0,420,-0.256336744,
2018,France,193,0,193,-0.475779462,
2018,France,920,138,782,0.225100806,
2018,France,102,15.3,86.7,-0.563968435,
2018,France,855,128.25,726.75,0.16186994,
2018,USA,40,0,40,-0.624397144,
2018,USA,7905,395.25,7509.75,6.964713333,
2018,USA,986,49.3,936.7,0.297981141,
2018,Germany,1249.2,187.38,1061.82,0.552424418,
2018,Germany,7905,0,7905,6.97636343,
2018,Germany,1104,165.6,938.4,0.423570014,
2018,Germany,1232.5,184.875,1047.625,0.548212692,
2018,Italy,640,0,640,-0.022750369,
2018,Italy,193,0,193,-0.454157462,
2018,Argentina,322,0,322,-0.330351274,
2018,Argentina,155,0,155,-0.492011222,
2018,USA,1140,0,1140,0.457809964,
2018,USA,360,0,360,-0.294228638,
2018,USA,318,0,318,-0.335206119,
2018,USA,147.9,0,147.9,-0.499868083,
2018,USA,90,0,90,-0.556503577,
2018,Venezuela,420,42,378,-0.238887413,
2018,Venezuela,292.5,0,292.5,-0.362294171,
2018,Venezuela,2200,220,1980,1.477966517,
2018,Venezuela,195,19.5,175.5,-0.454678805,
2018,Sweden,115.8,0,115.8,-0.531806266,
2018,Sweden,135,0,135,-0.514093151,
2018,Germany,374.76,0,374.76,-0.283504857,
2018,Germany,656,0,656,-0.012533168,
2018,France,437.5,0,437.5,-0.22341372,
2018,France,292.5,0,292.5,-0.363689295,
2018,France,465,0,465,-0.197782011,
2018,France,378,0,378,-0.282046655,
2018,Argentina,405,0,405,-0.256427857,
2018,Argentina,527,0,527,-0.139091156,
2018,UK,190,0,190,-0.464525954,
2018,UK,800,0,800,0.123424889,
2018,UK,60,0,60,-0.590512164,
2018,UK,714,0,714,0.039701324,
2018,Brazil,150,0,150,-0.504519109,
2018,Brazil,504,0,504,-0.163685729,
2018,Brazil,1020,0,1020,0.33401795,
2018,Brazil,300,0,300,-0.360285668,
2018,Norway,18.4,0,18.4,-0.632608313,
2018,Norway,144,0,144,-0.512397093,
2018,Norway,2108,0,2108,1.382132003,
2018,Norway,414,0,414,-0.250458848,
2018,France,18,3.6,14.4,-0.633011614,
2018,France,140,28,112,-0.516281513,
2018,France,311.2,62.24,248.96,-0.351887462,
2018,France,99.75,0,99.75,-0.556505501,
2018,Germany,600,60,540,-0.074631807,
2018,Germany,112.5,11.25,101.25,-0.54520803,
2018,Germany,295.2,29.52,265.68,-0.369767554,
2018,Brazil,990.32,49.516,940.804,0.300458478,
2018,Brazil,517.8,25.89,491.91,-0.155059948,
2018,Germany,825,0,825,0.141151049,
2018,Germany,26,5.2,20.8,-0.629688619,
2018,Austria,1092,0,1092,0.3980284,
2018,Austria,108,0,108,-0.550927947,
2018,Austria,468,0,468,-0.204405014,
2018,Austria,2040,0,2040,1.312306585,
2018,Austria,997.5,0,997.5,0.308382748,
2018,Sweden,36,0,36,-0.619001782,
2018,Sweden,460,0,460,-0.210832966,
2018,Sweden,380,95,285,-0.288380102,
2018,Sweden,378,94.5,283.5,-0.290781392,
2018,Venezuela,72,18,54,-0.586559544,
2018,Venezuela,1562.5,390.625,1171.875,0.850871011,
2018,Venezuela,950,237.5,712.5,0.261181168,
2018,Brazil,397.5,39.75,357.75,-0.27157386,
2018,Brazil,522,52.2,469.8,-0.151873783,
2018,Venezuela,84,16.8,67.2,-0.574811922,
2018,Venezuela,180,36,144,-0.483118184,
2018,Belgium,496,0,496,-0.178965407,
2018,Belgium,1140,0,1140,0.442223565,
2018,Belgium,2750,0,2750,1.996672564,
2018,Belgium,195,0,195,-0.465682399,
2018,Mexico,315,0,315,-0.350653736,
2018,Mexico,230,0,230,-0.433267534,
2018,Mexico,250,0,250,-0.414691262,
2018,Mexico,180,0,180,-0.482938688,
2018,France,212,53,159,-0.452867707,
2018,Austria,735,0,735,0.051087093,
2018,Germany,630,63,567,-0.050156102,
2018,Germany,450,45,405,-0.223947883,
2018,Germany,588,58.8,529.2,-0.091150653,
2018,Germany,795,79.5,715.5,0.108458397,
2018,Germany,1596,0,1596,0.881639269,
2018,Belgium,462,0,462,-0.211219256,
2018,Belgium,450,0,450,-0.223158953,
2018,Belgium,200,0,200,-0.464799123,
2018,USA,1440,288,1152,0.731057311,
2018,USA,110.4,22.08,88.32,-0.550810209,
2018,USA,1560,312,1248,0.847168614,
2018,USA,342,68.4,273.6,-0.326796992,
2018,USA,1530,306,1224,0.819109027,
2018,USA,1182.5,236.5,946,0.485167451,
2018,UK,640.5,0,640.5,-0.037047736,
2018,UK,291,0,291,-0.374393204,
2018,Germany,490,0,490,-0.182997982,
2018,Germany,562.14,84.321,477.819,-0.11369715,
2018,France,280,42,238,-0.386170928,
2018,France,10,1.5,8.5,-0.647403331,
2018,France,450,67.5,382.5,-0.223913609,
2018,Brazil,95,4.75,90.25,-0.566893585,
2018,Brazil,140,7,133,-0.524457857,
2018,Brazil,195,9.75,185.25,-0.472299147,
2018,Brazil,2310,115.5,2194.5,1.567931868,
2018,USA,285,0,285,-0.38351855,
2018,USA,234,0,234,-0.433410799,
2018,USA,2465,0,2465,1.71882906,
2018,Germany,625,0,625,-0.053807749,
2018,Austria,3100,465,2635,2.334571028,
2018,Austria,390,58.5,331.5,-0.276548075,
2018,USA,872.5,0,872.5,0.188592523,
2018,USA,175,0,175,-0.484187307,
2018,USA,912,0,912,0.226184098,
2018,USA,315.75,47.3625,268.3875,-0.348817105,
2018,Mexico,380,0,380,-0.287437286,
2018,Mexico,280,0,280,-0.384456407,
2018,Sweden,300,0,300,-0.365845834,
2018,Sweden,1093.05,273.2625,819.7875,0.398821146,
2018,Sweden,1237.9,309.475,928.425,0.539325787,
2018,France,150,0,150,-0.509567722,
2018,France,439,0,439,-0.231592621,
2018,France,60,0,60,-0.597762335,
2018,Germany,180,45,135,-0.483042403,
2018,Germany,260.75,65.1875,195.5625,-0.405993681,
2018,Germany,997.5,249.375,748.125,0.304260028,
2018,France,159,0,159,-0.504370798,
2018,France,360,0,360,-0.311319824,
2018,USA,1638,0,1638,0.92143112,
2018,USA,1250,0,1250,0.548686297,
2018,USA,400,0,400,-0.270589093,
2018,USA,87.5,0,87.5,-0.572662417,
2018,USA,147.9,0,147.9,-0.515430573,
2018,Germany,525,0,525,-0.152466724,
2018,Germany,56,0,56,-0.605352832,
2018,Venezuela,360,54,306,-0.313103774,
2018,Venezuela,159,23.85,135.15,-0.507658792,
2018,UK,72,0,72,-0.592562634,
2018,UK,210,0,210,-0.46049264,
2018,Germany,15810,790.5,15019.5,14.5932707,
2018,Germany,1440,72,1368,0.752974054,
2018,Sweden,399,99.75,299.25,-0.250219882,
2018,Sweden,27,6.75,20.25,-0.609685102,
2018,Sweden,1035.6,258.9,776.7,0.362506065,
2018,USA,98.4,0,98.4,-0.541245454,
2018,Brazil,624.6,0,624.6,-0.034464552,
2018,Brazil,540,0,540,-0.11617221,
2018,Brazil,840,84,756,0.173119351,
2018,UK,720,0,720,0.057643674,
2018,UK,210,0,210,-0.434416931,
2018,UK,450,0,450,-0.20363637,
2018,UK,250,0,250,-0.397033733,
2018,Poland,54,0,54,-0.586942175,
2018,Poland,106,0,106,-0.537886663,
2018,France,1250,62.5,1187.5,0.565084705,
2018,France,209.4,10.47,198.93,-0.438047129,
2018,France,624,31.2,592.8,-0.038787193,
2018,Spain,240,12,228,-0.409437579,
2018,Spain,986,49.3,936.7,0.309688781,
2018,Spain,498.75,24.9375,473.8125,-0.159925624,
2018,Spain,442.05,22.1025,419.9475,-0.214954532,
2018,Finland,200,0,200,-0.448961479,
2018,Finland,136.8,0,136.8,-0.510828886,
2018,Spain,310,0,310,-0.344683622,
2018,Sweden,230,0,230,-0.422562673,
2018,Sweden,199.5,19.95,179.55,-0.452826575,
2018,Sweden,300,0,300,-0.356731445,
2018,France,252,0,252,-0.403756978,
2018,France,665,0,665,-0.005993394,
2018,Brazil,523.5,130.875,392.625,-0.142558423,
2018,Brazil,1562.5,0,1562.5,0.859835288,
2018,Germany,1620,81,1539,0.917034502,
2018,Finland,220.8,0,220.8,-0.431422711,
2018,Finland,210.5,0,210.5,-0.442223746,
2018,Finland,180,0,180,-0.472541913,
2018,Sweden,270,54,216,-0.386635291,
2018,Sweden,855,171,684,0.177136736,
2018,Sweden,750,150,600,0.076163947,
2018,Argentina,150,0,150,-0.502706499,
2018,USA,350,0,350,-0.310714067,
2018,USA,400,60,340,-0.263091042,
2018,USA,238.4,35.76,202.64,-0.419575161,
2018,USA,36,0,36,-0.615752053,
2018,USA,400,20,380,-0.265731568,
2018,USA,798,39.9,758.1,0.117812044,
2018,USA,252.6,12.63,239.97,-0.40827985,
2018,Belgium,380,0,380,-0.286170392,
2018,Belgium,54,0,54,-0.601361053,
2018,Belgium,450,0,450,-0.220442579,
2018,Belgium,325,0,325,-0.341527101,
2018,Brazil,2170,0,2170,1.438266074,
2018,Brazil,437.5,0,437.5,-0.230687958,
2018,Brazil,520,0,520,-0.151550763,
2018,Spain,70,0,70,-0.58613384,
2018,Spain,380,0,380,-0.288192551,
2018,Spain,225,0,225,-0.438375406,
2018,USA,840,0,840,0.154207094,
2018,USA,10540,0,10540,9.515418428,
2018,France,585,0,585,-0.071564447,
2018,France,140,0,140,-0.501157912,
2018,France,135.1,0,135.1,-0.506943903,
2018,Germany,388.35,19.4175,368.9325,-0.263619284,
2018,Belgium,2200,110,2090,1.484136925,
2018,Germany,1200,0,1200,0.522247954,
2018,Germany,45,0,45,-0.591262086,
2018,Germany,2970.96,0,2970.96,2.23114568,
2018,Germany,906.15,0,906.15,0.243288833,
2018,Germany,380,0,380,-0.263946005,
2018,USA,168,8.4,159.6,-0.469100893,
2018,USA,1800,90,1710,1.104835576,
2018,USA,930,46.5,883.5,0.267631882,
2018,Austria,495,0,495,-0.151582481,
2018,Austria,810,0,810,0.15207702,
2018,Austria,1674.4,0,1674.4,0.986587485,
2018,Austria,3400,0,3400,2.654005273,
2018,Belgium,142.5,0,142.5,-0.483830396,
2018,Belgium,608,0,608,-0.035660672,
2018,Ireland,9903.2,0,9903.2,8.93450115,
2018,Ireland,932.04,0,932.04,0.296566063,
2018,Argentina,30,0,30,-0.57328683,
2018,Venezuela,144,21.6,122.4,-0.464535015,
2018,Brazil,45,11.25,33.75,-0.561099439,
2018,Venezuela,289.5,0,289.5,-0.326388529,
2018,Venezuela,645,0,645,0.015959494,
2018,Sweden,720,108,612,0.088372959,
2018,Sweden,295.8,44.37,251.43,-0.320800189,
2018,Brazil,240,0,240,-0.375365493,
2018,Brazil,442.05,0,442.05,-0.181218904,
2018,Brazil,250,0,250,-0.366961157,
2018,USA,198.75,0,198.75,-0.417244089,
2018,USA,1725.5,0,1725.5,1.055190999,
2018,Brazil,360,18,342,-0.260189206,
2018,Poland,427.5,0,427.5,-0.19563767,
2018,France,108.5,0,108.5,-0.503929054,
2018,Italy,600,30,570,-0.030757185,
2018,Italy,98,4.9,93.1,-0.515277329,
2018,Norway,360,0,360,-0.26361328,
2018,Norway,261.75,0,261.75,-0.359031695,
2018,Norway,48.25,0,48.25,-0.565891203,
2018,Finland,110.4,0,110.4,-0.507214866,
2018,Finland,200,0,200,-0.421915979,
2018,Finland,142.5,0,142.5,-0.478380181,
2018,Spain,180,0,180,-0.443298543,
2018,Spain,468,0,468,-0.166395556,
2018,Spain,210,0,210,-0.415762844,
2018,Ireland,840,210,630,0.191243215,
2018,Ireland,7427.4,1856.85,5570.55,6.548794574,
2018,Brazil,660,165,495,0.0333196,
2018,Brazil,100,25,75,-0.507024588,
2018,Brazil,198.75,0,198.75,-0.412919887,
2018,Brazil,537.5,0,537.5,-0.086986453,
2018,Mexico,390,0,390,-0.229535495,
2018,Mexico,75,0,75,-0.53406702,
2018,Mexico,74.5,0,74.5,-0.535818108,
2018,Argentina,104.7,0,104.7,-0.507949657,
2018,Argentina,192,0,192,-0.424913955,
2018,Argentina,390,0,390,-0.234852574,
2018,Spain,25.89,0,25.89,-0.586796486,
2018,Spain,340,0,340,-0.285078339,
2018,Canada,1080,270,810,0.428364329,
2018,Canada,850,212.5,637.5,0.207439825,
2018,Venezuela,418.8,0,418.8,-0.20818315,
2018,Venezuela,336,0,336,-0.288593761,
2018,Venezuela,368,0,368,-0.258414656,
2018,UK,390,0,390,-0.237814055,
2018,Denmark,180,0,180,-0.441053909,
2018,Denmark,1756,0,1756,1.078768125,
2018,Brazil,585,0,585,-0.048643185,
2018,Brazil,157.5,0,157.5,-0.461317598,
2018,France,140,28,112,-0.479344854,
2018,France,460,92,368,-0.17171855,
2018,France,336,67.2,268.8,-0.291809611,
2018,Sweden,620,62,558,-0.018464144,
2018,Sweden,1368,136.8,1231.2,0.703339734,
2018,Sweden,46.5,0,46.5,-0.570202283,
2018,Brazil,475,71.25,403.75,-0.158111719,
2018,Brazil,84,12.6,71.4,-0.535839627,
2018,Mexico,42,0,42,-0.577721029,
2018,Mexico,60,0,60,-0.5618092,
2018,Mexico,64.4,0,64.4,-0.558985326,
2018,Mexico,348,0,348,-0.286718725,
2018,France,405,0,405,-0.232441009,
2018,France,35,0,35,-0.590098773,
2018,France,360,0,360,-0.277969975,
2018,Spain,47.5,0,47.5,-0.58025772,
2018,Spain,90,0,90,-0.540735185,
2018,Germany,600,0,600,-0.04995843,
2018,Germany,379.75,0,379.75,-0.262637582,
2018,Germany,195,0,195,-0.441609132,
2018,Belgium,360,0,360,-0.283524567,
2018,Belgium,1097.5,0,1097.5,0.427454091,
2018,Belgium,600,120,480,-0.051537243,
2018,Belgium,397.5,79.5,318,-0.247092759,
2018,Switzerland,252,37.8,214.2,-0.388154617,
2018,Switzerland,585,0,585,-0.067817755,
2018,France,523.5,52.35,471.15,-0.127346654,
2018,France,690.2,69.02,621.18,0.033188619,
2018,France,556.8,0,556.8,-0.095459684,
2018,France,155,15.5,139.5,-0.48346664,
2018,UK,65.6,0,65.6,-0.571030461,
2018,UK,855,0,855,0.1892453,
2018,Germany,500,0,500,-0.152836542,
2018,Brazil,378,0,378,-0.270982274,
2018,Brazil,250,62.5,187.5,-0.395237805,
2018,Brazil,72,18,54,-0.568083136,
2018,USA,570,114,456,-0.089032734,
2018,Argentina,364.8,0,364.8,-0.28730088,
2018,Argentina,280,0,280,-0.369919108,
2018,Germany,120,30,90,-0.525336217,
2018,Germany,1104,276,828,0.42282387,
2018,Germany,1666,416.5,1249.5,0.966337957,
2018,Germany,752.5,188.125,564.375,0.087436001,
2018,Italy,190,28.5,161.5,-0.455157466,
2018,Italy,560,84,476,-0.099353488,
2018,France,240,0,240,-0.408442272,
2018,France,120,0,120,-0.525384795,
2018,USA,550,137.5,412.5,-0.111885148,
2018,USA,1479,369.75,1109.25,0.784323613,
2018,USA,1000,250,750,0.324272607,
2018,USA,1740,0,1740,1.039315655,
2018,Italy,560,0,560,-0.096495631,
2018,UK,90,0,90,-0.550337792,
2018,UK,441,0,441,-0.21317221,
2018,UK,180,0,180,-0.46565498,
2018,Canada,105,26.25,78.75,-0.539363423,
2018,Canada,350.1,87.525,262.575,-0.304377572,
2018,Canada,684,0,684,0.016974638,
2018,Germany,120,0,120,-0.527259007,
2018,Germany,125,0,125,-0.523957677,
2018,Denmark,775,0,775,0.101799609,
2018,Denmark,112.5,0,112.5,-0.537243466,
2018,Denmark,520,0,520,-0.145555971,
2018,UK,220,0,220,-0.435493575,
2018,Spain,146.25,0,146.25,-0.507942382,
2018,Spain,2120,0,2120,1.395311379,
2018,Spain,96,0,96,-0.553813628,
2018,Canada,300,0,300,-0.358583969,
2018,Canada,930,0,930,0.248327187,
2018,Canada,234,0,234,-0.422601588,
2018,Canada,2958,0,2958,2.204905889,
2018,Italy,110,0,110,-0.536926531,
2018,Switzerland,37.5,1.875,35.625,-0.608504323,
2018,Switzerland,57.9,2.895,55.005,-0.590650352,
2018,Switzerland,387.5,19.375,368.125,-0.274357608,
2018,Germany,400,20,380,-0.263125995,
2018,Germany,91.2,0,91.2,-0.561930123,
2018,UK,4050,202.5,3847.5,3.256757047,
2018,UK,625,31.25,593.75,-0.038545469,
2018,Venezuela,488.6,73.29,415.31,-0.170295163,
2018,Venezuela,312.5,46.875,265.625,-0.340762693,
2018,Venezuela,285,0,285,-0.36835303,
2018,Venezuela,816,122.4,693.6,0.142942801,
2018,Sweden,93,18.6,74.4,-0.554337201,
2018,Germany,120,0,120,-0.530008028,
2018,Germany,133,0,133,-0.519118783,
2018,Germany,424,0,424,-0.239919473,
2018,Venezuela,776.7,0,776.7,0.099695673,
2018,Venezuela,720,0,720,0.045292402,
2018,Venezuela,266,0,266,-0.39269243,
2018,Argentina,427,0,427,-0.238567632,
2018,Argentina,180,0,180,-0.477692282,
2018,Argentina,174,0,174,-0.485008696,
2018,Brazil,155,23.25,131.75,-0.504898971,
2018,Venezuela,45,11.25,33.75,-0.612676841,
2018,Venezuela,231.6,0,231.6,-0.434576753,
2018,Brazil,42,2.1,39.9,-0.618954735,
2018,Brazil,1080,0,1080,0.380747197,
2018,Germany,1350,0,1350,0.642548217,
2018,Germany,462,0,462,-0.212307477,
2018,Germany,656,0,656,-0.025785806,
2018,Germany,324,0,324,-0.346263909,
2018,Germany,792,0,792,0.104232028,
2018,Portugal,68,10.2,57.8,-0.594111796,
2018,France,375,0,375,-0.299818308,
2018,France,1317.5,0,1317.5,0.608732502,
2018,France,360,0,360,-0.313257408,
2018,USA,848,0,848,0.156630915,
2018,Switzerland,208,0,208,-0.460467311,
2018,Switzerland,456,68.4,387.6,-0.222693023,
2018,Switzerland,591.6,88.74,502.86,-0.09258849,
2018,Germany,110.4,0,110.4,-0.557280667,
2018,Germany,800,0,800,0.106308939,
2018,Austria,1140,0,1140,0.434786612,
2018,Austria,135,0,135,-0.533584481,
2018,Austria,133,0,133,-0.537354507,
2018,Brazil,108,0,108,-0.563339866,
2018,Spain,280,56,224,-0.399309026,
2018,France,1733.06,0,1733.06,1.001560683,
2018,France,234,0,234,-0.441590226,
2018,France,17.5,0,17.5,-0.652070827,
2018,France,156.15,0,156.15,-0.520564054,
2018,France,57.9,0,57.9,-0.617218684,
2018,France,77.5,0,77.5,-0.600492618,
2018,USA,439,0,439,-0.253767641,
2018,Canada,640,0,640,-0.060700913,
2018,Canada,77.5,0,77.5,-0.603753482,
2018,Venezuela,912,0,912,0.199400627,
2018,Sweden,540,0,540,-0.158874397,
2018,Sweden,285,0,285,-0.40553523,
2018,Sweden,530,0,530,-0.170575102,
2018,Sweden,878,0,878,0.164636283,
2018,Belgium,800,120,680,0.089966226,
2018,Belgium,400,60,340,-0.295719018,
2018,Belgium,184,0,184,-0.505258873,
2018,Belgium,116.7,17.505,99.195,-0.572077395,
2018,Austria,540,0,540,-0.165702643,
2018,Austria,760,0,760,0.045987865,
2018,Austria,360,0,360,-0.339855898,
2018,Austria,1317,0,1317,0.582409733,
2018,Austria,300,0,300,-0.396838179,
2018,Austria,1536.5,0,1536.5,0.794930612,
2018,Sweden,310,62,248,-0.385668404,
2018,Brazil,15810,0,15810,14.57097966,
2018,Canada,600,0,600,-0.051451311,
2018,Canada,414,0,414,-0.231146642,
2018,USA,504,75.6,428.4,-0.145185499,
2018,USA,292.5,0,292.5,-0.349854195,
2018,USA,959.75,0,959.75,0.292707448,
2018,USA,90,0,90,-0.545492708,
2018,USA,760,0,760,0.098944908,
2018,Ireland,628.2,62.82,565.38,-0.027857817,
2018,Ireland,500,50,450,-0.151686056,
2018,Ireland,1120,112,1008,0.446036818,
2018,Argentina,630,0,630,-0.025055745,
2018,Argentina,1215,0,1215,0.539392435,
2018,Argentina,180,0,180,-0.457257736,
2018,Argentina,195,0,195,-0.444625917,
2018,UK,1800,0,1800,1.102463186,
2018,UK,276,0,276,-0.363776224,
2018,UK,696,0,696,0.040055778,
2018,USA,1800,0,1800,1.105624106,
2018,USA,1972,197.2,1774.8,1.276160881,
2018,Brazil,1000,0,1000,0.343415388,
2018,Brazil,315,0,315,-0.316212056,
2018,Brazil,38.6,0,38.6,-0.584266663,
2018,Austria,650,0,650,0.003314165,
2018,Austria,840,126,714,0.186685691,
2018,Austria,1560,234,1326,0.882302198,
2018,Austria,1881,282.15,1598.85,1.195818609,
2018,Germany,950,190,760,0.302454954,
2018,Germany,300,60,240,-0.323528507,
2018,Germany,1620,324,1296,0.948935765,
2018,USA,69.6,0,69.6,-0.543172018,
2018,Sweden,6189.5,1547.375,4642.125,5.360424915,
2018,Sweden,337.75,84.4375,253.3125,-0.263441739,
2018,Denmark,990,49.5,940.5,0.364855203,
2018,Mexico,1060,0,1060,0.434008246,
2018,Mexico,136,0,136,-0.455776788,
2018,Germany,560,0,560,-0.048616538,
2018,Venezuela,1600,0,1600,0.954808994,
2018,Venezuela,240,60,180,-0.353382873,
2018,Venezuela,140,35,105,-0.45147155,
2018,Poland,54,0,54,-0.536498646,
2018,Poland,199.5,0,199.5,-0.398512921,
2018,Poland,200,0,200,-0.399841823,
2018,Poland,232.5,0,232.5,-0.370303785,
2018,Germany,193,9.65,183.35,-0.410121506,
2018,Germany,795,39.75,755.25,0.168942616,
2018,Germany,273,13.65,259.35,-0.334026125,
2018,USA,550,137.5,412.5,-0.068263653,
2018,USA,135,33.75,101.25,-0.469074244,
2018,USA,390,0,390,-0.22519127,
2018,Sweden,1800,0,1800,1.134452914,
2018,Sweden,525,0,525,-0.090596538,
2018,Sweden,300,0,300,-0.308161951,
2018,Sweden,144,0,144,-0.460182651,
2018,USA,336,0,336,-0.277107387,
2018,USA,270,40.5,229.5,-0.34213871,
2018,USA,336,50.4,285.6,-0.280106937,
2018,USA,960,0,960,0.320711651,
2018,USA,72,0,72,-0.534671758,
2018,USA,184,0,184,-0.429221128,
2018,USA,70,0,70,-0.541360546,
2018,Belgium,187.38,0,187.38,-0.430777486,
2018,Belgium,108,0,108,-0.509536249,
2018,Finland,36,0,36,-0.581579613,
2018,Finland,550,0,550,-0.088486321,
2018,USA,144,0,144,-0.480741733,
2018,USA,247.58,61.895,185.685,-0.383235653,
2018,Portugal,1200,0,1200,0.533922438,
2018,Portugal,1237.9,0,1237.9,0.573249631,
2018,Portugal,196,0,196,-0.429255344,
2018,Austria,3192,159.6,3032.4,2.459768806,
2018,Austria,1260,63,1197,0.608189887,
2018,Austria,451.5,0,451.5,-0.168843958,
2018,Spain,54,0,54,-0.553340714,
2018,Spain,342,85.5,256.5,-0.278352494,
2018,Spain,306,0,306,-0.314582451,
2018,Italy,600,0,600,-0.032551993,
2018,Italy,45,0,45,-0.568325152,
2018,Germany,530,26.5,503.5,-0.103369473,
2018,Germany,430,0,430,-0.200438334,
2018,Germany,460,23,437,-0.172588444,
2018,Germany,1224,61.2,1162.8,0.563748593,
2018,Germany,1290,64.5,1225.5,0.63057317,
2018,Spain,90,0,90,-0.523952081,
2018,Spain,56,0,56,-0.559706992,
2018,Spain,190,0,190,-0.433553818,
2018,Spain,25,0,25,-0.595248793,
2018,Venezuela,270.2,27.02,243.18,-0.362022405,
2018,Norway,388.35,0,388.35,-0.250083517,
2018,Norway,234,0,234,-0.400483012,
2018,UK,187.5,0,187.5,-0.447685761,
2018,UK,304,0,304,-0.337876646,
2018,Austria,250,0,250,-0.391976316,
2018,Austria,6050,0,6050,5.202936327,
2018,Austria,450,0,450,-0.170317843,
2018,USA,760,0,760,0.127824692,
2018,USA,625,0,625,-0.001685681,
2018,USA,190,0,190,-0.421488299,
2018,Argentina,36,0,36,-0.572674511,
2018,Argentina,40,0,40,-0.572327691,
2018,Germany,744,111.6,632.4,0.103527585,
2018,Germany,209,52.25,156.75,-0.412125789,
2018,Germany,1215,0,1215,0.55612867,
2018,Germany,1967.49,0,1967.49,1.285809288,
2018,Germany,2332,583,1749,1.645714054,
2018,Germany,1218,0,1218,0.581141743,
2018,Brazil,322,0,322,-0.279808834,
2018,Brazil,1080,0,1080,0.449886272,
2018,UK,120,0,120,-0.473630793,
2018,UK,1380,0,1380,0.739223987,
2018,UK,374.76,0,374.76,-0.226009512,
2018,UK,75,0,75,-0.516786656,
2018,UK,442.05,0,442.05,-0.166013966,
2018,UK,1075,0,1075,0.443693917,
2018,Finland,180,18,162,-0.417018955,
2018,Finland,120,12,108,-0.477758219,
2018,Italy,500,0,500,-0.114315334,
2018,Italy,530,0,530,-0.086152516,
2018,Canada,135,33.75,101.25,-0.467941599,
2018,Canada,1035.3,258.825,776.475,0.397611599,
2018,Germany,840,0,840,0.211939367,
2018,Germany,1320,0,1320,0.676661686,
2018,Switzerland,760,0,760,0.141072581,
2018,Switzerland,526.8,0,526.8,-0.082959838,
2018,USA,1900,475,1425,1.241631939,
2018,USA,1494.5,0,1494.5,0.859371224,
2018,USA,7427.4,1856.85,5570.55,6.591175976,
2018,USA,5500,1375,4125,4.779981396,
2018,USA,810,0,810,0.289615275,
2018,USA,480,0,480,-0.026670368,
2018,USA,94.5,0,94.5,-0.398895338,
2018,USA,665,0,665,0.148614982,
2018,USA,344,0,344,-0.160019667,
2018,USA,665,0,665,0.148517712,
2018,USA,6587.5,0,6587.5,5.865127436,
2018,USA,1650,0,1650,1.146424517,
2018,Switzerland,2296,229.6,2066.4,1.778938968,
2018,Switzerland,1296,129.6,1166.4,0.828130474,
2018,USA,150,15,135,-0.2711269,
2018,USA,233.4,0,233.4,-0.192846847,
2018,USA,171,0,171,-0.254646055,
2018,Belgium,180,0,180,-0.248065208,
2018,Belgium,1080,0,1080,0.618403586,
2018,Belgium,420,0,420,-0.013326148,
2018,Belgium,74.5,0,74.5,-0.346860403,
2018,Germany,42,0,42,-0.381188822,
2018,Germany,1650,0,1650,1.167309395,
2018,Spain,60,0,60,-0.356953696,
2018,Belgium,92,18.4,73.6,-0.329203589,
2018,Belgium,14,0,14,-0.407390015,
2018,Belgium,645,0,645,0.197912817,
2018,Venezuela,912,0,912,0.457361497,
2018,Venezuela,432,0,432,-0.001699874,
2018,Venezuela,1200,0,1200,0.739435255,
2018,Venezuela,546,0,546,0.115145714,
2018,USA,200,0,200,-0.217682,
2018,Switzerland,570,114,456,0.137329199,
2018,Switzerland,1317,0,1317,0.859521979,
2018,Brazil,291.75,0,291.75,-0.121620651,
2018,Brazil,114,0,114,-0.294337295,
2018,France,210,0,210,-0.204579115,
2018,Poland,591.6,0,591.6,0.161654616,
2018,Canada,37.5,0,37.5,-0.371457505,
2018,Canada,1272,0,1272,0.816132285,
2018,Germany,760,38,722,0.330359683,
2018,Germany,480,24,456,0.063554252,
2018,Germany,324,16.2,307.8,-0.086329966,
2018,UK,450,112.5,337.5,0.034356338,
2018,UK,640.5,160.125,480.375,0.218561952,
2018,Canada,525,0,525,0.10944996,
2018,Brazil,190,38,152,-0.212648768,
2018,Brazil,152,30.4,121.6,-0.251657088,
2018,Sweden,900,90,810,0.467396646,
2018,France,45,9,36,-0.35246091,
2018,Brazil,1380,276,1104,0.931862259,
2018,Brazil,285,57,228,-0.114145486,
2018,Austria,2187.5,437.5,1750,1.72051585,
2018,Austria,640,0,640,0.247357805,
2018,Austria,831.25,166.25,665,0.434866442,
2018,Argentina,25,0,25,-0.337957707,
2018,Argentina,280,0,280,-0.095993942,
2018,Venezuela,67.5,0,67.5,-0.302250053,
2018,Venezuela,210,0,210,-0.168509978,
2018,Venezuela,1060,0,1060,0.649640989,
2018,Venezuela,390,0,390,0.011392916,
2018,UK,1200,0,1200,0.79322328,
2018,UK,840,0,840,0.456246027,
2018,UK,1700,0,1700,1.292263711,
2018,UK,45,0,45,-0.287414474,
2018,Germany,30,0,30,-0.305827259,
2018,Germany,714,0,714,0.350012504,
2018,Germany,114,0,114,-0.224081745,
2018,Brazil,180,0,180,-0.163590273,
2018,Brazil,468,0,468,0.111970375,
2018,Brazil,1190,0,1190,0.810375882,
2018,Italy,136,0,136,-0.194681121,
2018,Italy,130,0,130,-0.203421075,
2018,USA,510,0,510,0.160164572,
2018,Italy,328,65.6,262.4,-0.012970138,
2018,Italy,180,36,144,-0.156001934,
2018,Ireland,420,0,420,0.073091507,
2018,Ireland,736,73.6,662.4,0.37924237,
2018,Ireland,289.5,28.95,260.55,-0.045327286,
2018,USA,3003,300.3,2702.7,2.572540509,
2018,USA,115.8,0,115.8,-0.169368847,
2018,USA,820,82,738,0.507240941,
2018,USA,96,9.6,86.4,-0.182390148,
2018,USA,687.5,0,687.5,0.38511483,
2018,Venezuela,103.56,25.89,77.67,-0.171278874,
2018,Venezuela,149,37.25,111.75,-0.130659133,
2018,USA,52.35,0,52.35,-0.226442925,
2018,USA,386.4,0,386.4,0.091488631,
2018,USA,490,0,490,0.193296548,
2018,Germany,86.85,0,86.85,-0.191814503,
2018,Brazil,364.8,54.72,310.08,0.072422231,
2018,Brazil,1656,248.4,1407.6,1.320022784,
2018,Brazil,364,54.6,309.4,0.101887245,
2018,Mexico,360,0,360,0.100291246,
2018,Germany,720,108,612,0.449984995,
2018,Germany,380,57,323,0.13233616,
2018,Germany,523.5,78.525,444.975,0.273970262,
2018,Germany,250,0,250,0.016714022,
2018,Venezuela,450,22.5,427.5,0.210139874,
2018,Venezuela,60,3,57,-0.160837526,
2018,Austria,152,0,152,-0.076286412,
2018,Austria,386,0,386,0.147471154,
2018,Austria,357.5,0,357.5,0.124063935,
2018,Austria,4322.5,0,4322.5,3.953992238,
2018,Mexico,210,0,210,0.101559107,
2018,Mexico,90,0,90,-0.011168145,
2018,Denmark,244.3,12.215,232.085,0.137388523,
2018,Switzerland,190,28.5,161.5,0.089418739,
2018,Switzerland,360,54,306,0.256456165,
2018,Switzerland,36,5.4,30.6,-0.047373481,
2018,France,500,125,375,0.398713171,
2018,France,465,116.25,348.75,0.379703926,
2018,France,92,23,69,0.034348001,
2018,USA,456,91.2,364.8,0.386996483,
2018,USA,40,0,40,0.001664694,
2018,USA,22,0,22,-0.015633648,
2018,USA,25,0.5,24.5,-0.013449148,
2018,USA,30,1.5,28.5,-0.009264384,
2018,USA,80,8,72,0.038524397,
2018,USA,31,0,31,-0.006734963,
2018,USA,76,3.8,72.2,0.036317672,
2018,USA,24,0,24,-0.011728074,
2018,USA,23.25,0.6975,22.5525,-0.013184859,
2018,USA,34.9,1.047,33.853,-0.002821134,
2018,USA,81,3.24,77.76,0.041465701,
2018,USA,18,0,18,-0.01614215,
2018,USA,32,0,32,-0.003976769,
2018,USA,36,1.8,34.2,-0.000478133,
2018,USA,28.95,0,28.95,-0.007329479,
2018,USA,36,0.72,35.28,-0.001340333,
2018,USA,14,0,14,-0.022738755,
2018,USA,48,0,48,0.006824211,
2018,USA,68,4.08,63.92,0.02726238,
2018,USA,66.5,1.995,64.505,0.031267296,
2018,USA,17,0,17,-0.00868536,
2018,USA,30,0.3,29.7,0.00096504,
2018,USA,31,0,31,0.0024126,
2018,USA,26,0,26,0,
